,rt_score,rt_avg_rating,rt_audience_score,rt_user_rating,rt_avg_aud_rating,rt_fresh,rt_rotten
0,62%,1/10,89%,"17,860",4.4/5,213,133
1,96%,9/10,76%,"3,435",3.9/5,315,14
2,90%,1/10,80%,"15,993",4.1/5,403,45
3,81%,4/10,95%,"3,723",4.4/5,215,52
4,0,0,0,0,0,0,0
5,81%,7/10,94%,"2,267",4.6/5,40,9
6,85%,6/10,91%,"51,037",4.5/5,349,63
7,98%,2/10,0,"47,367",0,50,1
8,70%,9/10,95%,322,4.7/5,7,3
9,94%,6/10,94%,"1,830,714",4.4/5,312,20
10,91%,2/10,98%,"884,696",4.4/5,61,6
11,71%,7/10,85%,"173,373",4.1/5,243,97
12,91%,4/10,86%,"21,574",4.2/5,333,33
13,86%,1/10,91%,"569,017",4.2/5,298,47
14,94%,1/10,96%,"1,125,719",4.2/5,78,5
15,0,0,0,0,0,0,0
16,88%,8/10,87%,"127,446",4.1/5,295,42
17,82%,4/10,94%,"355,343",4/5,79,17
18,98%,3/10,98%,"732,022",4.4/5,86,2
19,98%,7/10,92%,987,4.5/5,106,2
20,72%,2/10,95%,"1,243,857",4.1/5,66,26
21,95%,2/10,96%,"825,430",4.1/5,71,4
22,91%,2/10,95%,"1,355,431",4.1/5,208,20
23,87%,2/10,81%,"58,211",4.1/5,344,51
24,84%,7/10,88%,"18,357",4.2/5,144,27
25,99%,8/10,90%,"1,149",4.3/5,177,2
26,0,0,0,0,0,0,0
27,0,0,0,0,0,0,0
28,96%,3/10,89%,"390,605",4.3/5,307,13
29,87%,8/10,90%,"1,210,158",4.3/5,307,47
30,98%,3/10,95%,"1,304",4.7/5,112,2
31,88%,6/10,85%,"33,323,891",3.6/5,126,18
32,75%,7/10,93%,"45,065",4.3/5,91,31
33,0,0,0,0,0,0,0
34,97%,9/10,97%,"410,783",4.3/5,90,3
35,91%,2/10,94%,"736,787",4.1/5,249,26
36,88%,8/10,87%,"774,411",4/5,279,37
37,91%,8/10,92%,"253,206",4.4/5,279,27
38,0,0,0,0,0,0,0
39,91%,3/10,91%,"1,069,586",3.6/5,112,11
40,93%,9/10,90%,"90,900",4.3/5,350,26
41,93%,7/10,86%,"34,679,279",3.7/5,252,18
42,96%,7/10,95%,"845,930",4.1/5,85,4
43,0,0,0,0,0,0,0
44,95%,6/10,91%,"635,858",4.1/5,217,12
45,97%,6/10,85%,"126,497",4.2/5,382,13
46,84%,7/10,90%,"186,128",4.3/5,267,52
47,91%,8/10,91%,"130,662",4.3/5,318,31
48,96%,9/10,97%,"428,343",4.3/5,87,4
49,,,87%,113,4.1/5,0,0
50,30%,2/10,Average Rating:,591,N/A,6,14
51,0,0,0,0,0,0,0
52,25%,2/10,41%,"83,492",2.9/5,67,199
53,60%,2/10,82%,"6,797",3.6/5,3,2
54,20%,2/10,17%,"1,241",1.8/5,3,12
55,0,0,0,0,0,0,0
56,6%,4/10,26%,"6,229",2.3/5,2,33
57,12%,1/10,37%,"5,434",2.6/5,21,151
58,0,0,0,0,0,0,0
59,,,28%,160,2.2/5,0,0
60,0,0,0,0,0,0,0
61,0,0,0,0,0,0,0
62,11%,3/10,48%,"27,376",3/5,21,165
63,15%,7/10,43%,"324,383",3.1/5,32,176
64,0,0,0,0,0,0,0
65,,,42%,"7,512",3.1/5,0,0
66,,,24%,403,2.3/5,0,0
67,7%,2/10,20%,"2,124",1.7/5,5,66
68,92%,3/10,69%,"5,542",3.5/5,23,2
69,0%,6/10,50%,45,2.9/5,0,16
70,19%,7/10,16%,698,1.9/5,5,22
71,11%,8/10,36%,"121,711",2.8/5,23,179
72,11%,4/10,16%,274,1.9/5,5,40
73,4%,2/10,24%,"35,457",2.1/5,3,80
74,13%,7/10,29%,81,2.7/5,1,7
75,0,0,0,0,0,0,0
76,0,0,0,0,0,0,0
77,9%,5/10,14%,603,1.6/5,2,21
78,0,0,0,0,0,0,0
79,27%,5/10,45%,"759,048",3.1/5,57,153
80,12%,6/10,24%,"53,974",2.4/5,8,61
81,13%,1/10,44%,41,2.9/5,1,7
82,0,0,0,0,0,0,0
83,,,26%,499,2.3/5,0,0
84,23%,3/10,36%,"56,818",2.3/5,12,41
85,17%,4/10,26%,"3,532",2.6/5,1,5
86,0%,3/10,32%,"3,167",2.5/5,0,35
87,5%,3/10,10%,136,1.5/5,1,20
88,32%,5/10,23%,524,2.3/5,24,50
89,,,52%,378,2.8/5,0,0
90,16%,2/10,56%,"19,972",3.2/5,7,38
91,0,0,0,0,0,0,0
92,0,0,0,0,0,0,0
93,,,27%,96,2.8/5,0,0
94,20%,5/10,22%,"7,132",2.3/5,16,64
95,10%,5/10,8%,"1,682",1.2/5,1,9
96,0,0,0,0,0,0,0
97,1%,8/10,19%,"128,802",2.2/5,1,72
98,23%,5/10,34%,"4,554",2.7/5,13,44
99,0%,6/10,33%,865,2.5/5,0,34
100,62%,1/10,89%,"17,860",4.4/5,213,133
101,96%,9/10,76%,"3,435",3.9/5,315,14
102,90%,1/10,80%,"15,993",4.1/5,403,45
103,81%,4/10,95%,"3,723",4.4/5,215,52
104,0,0,0,0,0,0,0
105,81%,7/10,94%,"2,267",4.6/5,40,9
106,85%,6/10,91%,"51,037",4.5/5,349,63
107,98%,2/10,0,"47,367",0,50,1
108,70%,9/10,95%,322,4.7/5,7,3
109,94%,6/10,94%,"1,830,714",4.4/5,312,20
110,91%,2/10,98%,"884,696",4.4/5,61,6
111,71%,7/10,85%,"173,373",4.1/5,243,97
112,91%,4/10,86%,"21,574",4.2/5,333,33
113,86%,1/10,91%,"569,017",4.2/5,298,47
114,94%,1/10,96%,"1,125,719",4.2/5,78,5
115,0,0,0,0,0,0,0
116,88%,8/10,87%,"127,446",4.1/5,295,42
117,82%,4/10,94%,"355,343",4/5,79,17
118,98%,3/10,98%,"732,022",4.4/5,86,2
119,98%,7/10,92%,987,4.5/5,106,2
120,72%,2/10,95%,"1,243,857",4.1/5,66,26
121,95%,2/10,96%,"825,430",4.1/5,71,4
122,91%,2/10,95%,"1,355,431",4.1/5,208,20
123,87%,2/10,81%,"58,211",4.1/5,344,51
124,84%,7/10,88%,"18,357",4.2/5,144,27
125,99%,8/10,90%,"1,149",4.3/5,177,2
126,0,0,0,0,0,0,0
127,0,0,0,0,0,0,0
128,96%,3/10,89%,"390,605",4.3/5,307,13
129,87%,8/10,90%,"1,210,158",4.3/5,307,47
130,98%,3/10,95%,"1,304",4.7/5,112,2
131,88%,6/10,85%,"33,323,891",3.6/5,126,18
132,75%,7/10,93%,"45,065",4.3/5,91,31
133,0,0,0,0,0,0,0
134,97%,9/10,97%,"410,783",4.3/5,90,3
135,91%,2/10,94%,"736,787",4.1/5,249,26
136,88%,8/10,87%,"774,411",4/5,279,37
137,91%,8/10,92%,"253,206",4.4/5,279,27
138,0,0,0,0,0,0,0
139,91%,3/10,91%,"1,069,586",3.6/5,112,11
140,93%,9/10,90%,"90,900",4.3/5,350,26
141,93%,7/10,86%,"34,679,279",3.7/5,252,18
142,96%,7/10,95%,"845,930",4.1/5,85,4
143,0,0,0,0,0,0,0
144,95%,6/10,91%,"635,858",4.1/5,217,12
145,97%,6/10,85%,"126,497",4.2/5,382,13
146,84%,7/10,90%,"186,128",4.3/5,267,52
147,91%,8/10,91%,"130,662",4.3/5,318,31
148,96%,9/10,97%,"428,343",4.3/5,87,4
149,,,87%,113,4.1/5,0,0
150,30%,2/10,Average Rating:,591,N/A,6,14
151,0,0,0,0,0,0,0
152,25%,2/10,41%,"83,492",2.9/5,67,199
153,60%,2/10,82%,"6,797",3.6/5,3,2
154,20%,2/10,17%,"1,241",1.8/5,3,12
155,0,0,0,0,0,0,0
156,6%,4/10,26%,"6,229",2.3/5,2,33
157,12%,1/10,37%,"5,434",2.6/5,21,151
158,0,0,0,0,0,0,0
159,,,28%,160,2.2/5,0,0
160,0,0,0,0,0,0,0
161,0,0,0,0,0,0,0
162,11%,3/10,48%,"27,376",3/5,21,165
163,15%,7/10,43%,"324,383",3.1/5,32,176
164,0,0,0,0,0,0,0
165,,,42%,"7,512",3.1/5,0,0
166,,,24%,403,2.3/5,0,0
167,7%,2/10,20%,"2,124",1.7/5,5,66
168,92%,3/10,69%,"5,542",3.5/5,23,2
169,0%,6/10,50%,45,2.9/5,0,16
170,19%,7/10,16%,698,1.9/5,5,22
171,11%,8/10,36%,"121,711",2.8/5,23,179
172,11%,4/10,16%,274,1.9/5,5,40
173,4%,2/10,24%,"35,457",2.1/5,3,80
174,13%,7/10,29%,81,2.7/5,1,7
175,0,0,0,0,0,0,0
176,0,0,0,0,0,0,0
177,9%,5/10,14%,603,1.6/5,2,21
178,0,0,0,0,0,0,0
179,27%,5/10,45%,"759,048",3.1/5,57,153
180,12%,6/10,24%,"53,974",2.4/5,8,61
181,13%,1/10,44%,41,2.9/5,1,7
182,0,0,0,0,0,0,0
183,,,26%,499,2.3/5,0,0
184,23%,3/10,36%,"56,818",2.3/5,12,41
185,17%,4/10,26%,"3,532",2.6/5,1,5
186,0%,3/10,32%,"3,167",2.5/5,0,35
187,5%,3/10,10%,136,1.5/5,1,20
188,32%,5/10,23%,524,2.3/5,24,50
189,,,52%,378,2.8/5,0,0
190,16%,2/10,56%,"19,972",3.2/5,7,38
191,0,0,0,0,0,0,0
192,0,0,0,0,0,0,0
193,,,27%,96,2.8/5,0,0
194,20%,5/10,22%,"7,132",2.3/5,16,64
195,10%,5/10,8%,"1,682",1.2/5,1,9
196,0,0,0,0,0,0,0
197,1%,8/10,19%,"128,802",2.2/5,1,72
198,23%,5/10,34%,"4,554",2.7/5,13,44
199,0%,6/10,33%,865,2.5/5,0,34
200,62%,1/10,89%,"17,860",4.4/5,213,133
201,96%,9/10,76%,"3,435",3.9/5,315,14
202,90%,1/10,80%,"15,993",4.1/5,403,45
203,81%,4/10,95%,"3,723",4.4/5,215,52
204,0,0,0,0,0,0,0
205,81%,7/10,94%,"2,267",4.6/5,40,9
206,85%,6/10,91%,"51,037",4.5/5,349,63
207,98%,2/10,0,"47,367",0,50,1
208,70%,9/10,95%,322,4.7/5,7,3
209,94%,6/10,94%,"1,830,714",4.4/5,312,20
210,91%,2/10,98%,"884,696",4.4/5,61,6
211,71%,7/10,85%,"173,373",4.1/5,243,97
212,91%,4/10,86%,"21,574",4.2/5,333,33
213,86%,1/10,91%,"569,017",4.2/5,298,47
214,94%,1/10,96%,"1,125,719",4.2/5,78,5
215,0,0,0,0,0,0,0
216,88%,8/10,87%,"127,446",4.1/5,295,42
217,82%,4/10,94%,"355,343",4/5,79,17
218,98%,3/10,98%,"732,022",4.4/5,86,2
219,98%,7/10,92%,987,4.5/5,106,2
220,72%,2/10,95%,"1,243,857",4.1/5,66,26
221,95%,2/10,96%,"825,430",4.1/5,71,4
222,91%,2/10,95%,"1,355,431",4.1/5,208,20
223,87%,2/10,81%,"58,211",4.1/5,344,51
224,84%,7/10,88%,"18,357",4.2/5,144,27
225,99%,8/10,90%,"1,149",4.3/5,177,2
226,0,0,0,0,0,0,0
227,0,0,0,0,0,0,0
228,96%,3/10,89%,"390,605",4.3/5,307,13
229,87%,8/10,90%,"1,210,158",4.3/5,307,47
230,98%,3/10,95%,"1,304",4.7/5,112,2
231,88%,6/10,85%,"33,323,891",3.6/5,126,18
232,75%,7/10,93%,"45,065",4.3/5,91,31
233,0,0,0,0,0,0,0
234,97%,9/10,97%,"410,783",4.3/5,90,3
235,91%,2/10,94%,"736,787",4.1/5,249,26
236,88%,8/10,87%,"774,411",4/5,279,37
237,91%,8/10,92%,"253,206",4.4/5,279,27
238,0,0,0,0,0,0,0
239,91%,3/10,91%,"1,069,586",3.6/5,112,11
240,93%,9/10,90%,"90,900",4.3/5,350,26
241,93%,7/10,86%,"34,679,279",3.7/5,252,18
242,96%,7/10,95%,"845,930",4.1/5,85,4
243,0,0,0,0,0,0,0
244,95%,6/10,91%,"635,858",4.1/5,217,12
245,97%,6/10,85%,"126,497",4.2/5,382,13
246,84%,7/10,90%,"186,128",4.3/5,267,52
247,91%,8/10,91%,"130,662",4.3/5,318,31
248,96%,9/10,97%,"428,343",4.3/5,87,4
249,,,87%,113,4.1/5,0,0
250,30%,2/10,Average Rating:,591,N/A,6,14
251,0,0,0,0,0,0,0
252,25%,2/10,41%,"83,492",2.9/5,67,199
253,60%,2/10,82%,"6,797",3.6/5,3,2
254,20%,2/10,17%,"1,241",1.8/5,3,12
255,0,0,0,0,0,0,0
256,6%,4/10,26%,"6,229",2.3/5,2,33
257,12%,1/10,37%,"5,434",2.6/5,21,151
258,0,0,0,0,0,0,0
259,,,28%,160,2.2/5,0,0
260,0,0,0,0,0,0,0
261,0,0,0,0,0,0,0
262,11%,3/10,48%,"27,376",3/5,21,165
263,15%,7/10,43%,"324,383",3.1/5,32,176
264,0,0,0,0,0,0,0
265,,,42%,"7,512",3.1/5,0,0
266,,,24%,403,2.3/5,0,0
267,7%,2/10,20%,"2,124",1.7/5,5,66
268,92%,3/10,69%,"5,542",3.5/5,23,2
269,0%,6/10,50%,45,2.9/5,0,16
270,19%,7/10,16%,698,1.9/5,5,22
271,11%,8/10,36%,"121,711",2.8/5,23,179
272,11%,4/10,16%,274,1.9/5,5,40
273,4%,2/10,24%,"35,457",2.1/5,3,80
274,13%,7/10,29%,81,2.7/5,1,7
275,0,0,0,0,0,0,0
276,0,0,0,0,0,0,0
277,9%,5/10,14%,603,1.6/5,2,21
278,0,0,0,0,0,0,0
279,27%,5/10,45%,"759,048",3.1/5,57,153
280,12%,6/10,24%,"53,974",2.4/5,8,61
281,13%,1/10,44%,41,2.9/5,1,7
282,0,0,0,0,0,0,0
283,,,26%,499,2.3/5,0,0
284,23%,3/10,36%,"56,818",2.3/5,12,41
285,17%,4/10,26%,"3,532",2.6/5,1,5
286,0%,3/10,32%,"3,167",2.5/5,0,35
287,5%,3/10,10%,136,1.5/5,1,20
288,32%,5/10,23%,524,2.3/5,24,50
289,,,52%,378,2.8/5,0,0
290,16%,2/10,56%,"19,972",3.2/5,7,38
291,0,0,0,0,0,0,0
292,0,0,0,0,0,0,0
293,,,27%,96,2.8/5,0,0
294,20%,5/10,22%,"7,132",2.3/5,16,64
295,10%,5/10,8%,"1,682",1.2/5,1,9
296,0,0,0,0,0,0,0
297,1%,8/10,19%,"128,802",2.2/5,1,72
298,23%,5/10,34%,"4,554",2.7/5,13,44
299,0%,6/10,33%,865,2.5/5,0,34
300,62%,1/10,89%,"17,860",4.4/5,213,133
301,96%,9/10,76%,"3,435",3.9/5,315,14
302,90%,1/10,80%,"15,993",4.1/5,403,45
303,81%,4/10,95%,"3,723",4.4/5,215,52
304,0,0,0,0,0,0,0
305,81%,7/10,94%,"2,267",4.6/5,40,9
306,85%,6/10,91%,"51,037",4.5/5,349,63
307,98%,2/10,0,"47,367",0,50,1
308,70%,9/10,95%,322,4.7/5,7,3
309,94%,6/10,94%,"1,830,714",4.4/5,312,20
310,91%,2/10,98%,"884,696",4.4/5,61,6
311,71%,7/10,85%,"173,373",4.1/5,243,97
312,91%,4/10,86%,"21,574",4.2/5,333,33
313,86%,1/10,91%,"569,017",4.2/5,298,47
314,94%,1/10,96%,"1,125,719",4.2/5,78,5
315,0,0,0,0,0,0,0
316,88%,8/10,87%,"127,446",4.1/5,295,42
317,82%,4/10,94%,"355,343",4/5,79,17
318,98%,3/10,98%,"732,022",4.4/5,86,2
319,98%,7/10,92%,987,4.5/5,106,2
320,72%,2/10,95%,"1,243,857",4.1/5,66,26
321,95%,2/10,96%,"825,430",4.1/5,71,4
322,91%,2/10,95%,"1,355,431",4.1/5,208,20
323,87%,2/10,81%,"58,211",4.1/5,344,51
324,84%,7/10,88%,"18,357",4.2/5,144,27
325,99%,8/10,90%,"1,149",4.3/5,177,2
326,0,0,0,0,0,0,0
327,0,0,0,0,0,0,0
328,96%,3/10,89%,"390,605",4.3/5,307,13
329,87%,8/10,90%,"1,210,158",4.3/5,307,47
330,98%,3/10,95%,"1,304",4.7/5,112,2
331,88%,6/10,85%,"33,323,891",3.6/5,126,18
332,75%,7/10,93%,"45,065",4.3/5,91,31
333,0,0,0,0,0,0,0
334,97%,9/10,97%,"410,783",4.3/5,90,3
335,91%,2/10,94%,"736,787",4.1/5,249,26
336,88%,8/10,87%,"774,411",4/5,279,37
337,91%,8/10,92%,"253,206",4.4/5,279,27
338,0,0,0,0,0,0,0
339,91%,3/10,91%,"1,069,586",3.6/5,112,11
340,93%,9/10,90%,"90,900",4.3/5,350,26
341,93%,7/10,86%,"34,679,279",3.7/5,252,18
342,96%,7/10,95%,"845,930",4.1/5,85,4
343,0,0,0,0,0,0,0
344,95%,6/10,91%,"635,858",4.1/5,217,12
345,97%,6/10,85%,"126,497",4.2/5,382,13
346,84%,7/10,90%,"186,128",4.3/5,267,52
347,91%,8/10,91%,"130,662",4.3/5,318,31
348,96%,9/10,97%,"428,343",4.3/5,87,4
349,,,87%,113,4.1/5,0,0
350,30%,2/10,Average Rating:,591,N/A,6,14
351,0,0,0,0,0,0,0
352,25%,2/10,41%,"83,492",2.9/5,67,199
353,60%,2/10,82%,"6,797",3.6/5,3,2
354,20%,2/10,17%,"1,241",1.8/5,3,12
355,0,0,0,0,0,0,0
356,6%,4/10,26%,"6,229",2.3/5,2,33
357,12%,1/10,37%,"5,434",2.6/5,21,151
358,0,0,0,0,0,0,0
359,,,28%,160,2.2/5,0,0
360,0,0,0,0,0,0,0
361,0,0,0,0,0,0,0
362,11%,3/10,48%,"27,376",3/5,21,165
363,15%,7/10,43%,"324,383",3.1/5,32,176
364,0,0,0,0,0,0,0
365,,,42%,"7,512",3.1/5,0,0
366,,,24%,403,2.3/5,0,0
367,7%,2/10,20%,"2,124",1.7/5,5,66
368,92%,3/10,69%,"5,542",3.5/5,23,2
369,0%,6/10,50%,45,2.9/5,0,16
370,19%,7/10,16%,698,1.9/5,5,22
371,11%,8/10,36%,"121,711",2.8/5,23,179
372,11%,4/10,16%,274,1.9/5,5,40
373,4%,2/10,24%,"35,457",2.1/5,3,80
374,13%,7/10,29%,81,2.7/5,1,7
375,0,0,0,0,0,0,0
376,0,0,0,0,0,0,0
377,9%,5/10,14%,603,1.6/5,2,21
378,0,0,0,0,0,0,0
379,27%,5/10,45%,"759,048",3.1/5,57,153
380,12%,6/10,24%,"53,974",2.4/5,8,61
381,13%,1/10,44%,41,2.9/5,1,7
382,0,0,0,0,0,0,0
383,,,26%,499,2.3/5,0,0
384,23%,3/10,36%,"56,818",2.3/5,12,41
385,17%,4/10,26%,"3,532",2.6/5,1,5
386,0%,3/10,32%,"3,167",2.5/5,0,35
387,5%,3/10,10%,136,1.5/5,1,20
388,32%,5/10,23%,524,2.3/5,24,50
389,,,52%,378,2.8/5,0,0
390,16%,2/10,56%,"19,972",3.2/5,7,38
391,0,0,0,0,0,0,0
392,0,0,0,0,0,0,0
393,,,27%,96,2.8/5,0,0
394,20%,5/10,22%,"7,132",2.3/5,16,64
395,10%,5/10,8%,"1,682",1.2/5,1,9
396,0,0,0,0,0,0,0
397,1%,8/10,19%,"128,802",2.2/5,1,72
398,23%,5/10,34%,"4,554",2.7/5,13,44
399,0%,6/10,33%,865,2.5/5,0,34
400,62%,1/10,89%,"17,860",4.4/5,213,133
401,96%,9/10,76%,"3,435",3.9/5,315,14
402,90%,1/10,80%,"15,993",4.1/5,403,45
403,81%,4/10,95%,"3,723",4.4/5,215,52
404,0,0,0,0,0,0,0
405,81%,7/10,94%,"2,267",4.6/5,40,9
406,85%,6/10,91%,"51,037",4.5/5,349,63
407,98%,2/10,0,"47,367",0,50,1
408,70%,9/10,95%,322,4.7/5,7,3
409,94%,6/10,94%,"1,830,714",4.4/5,312,20
410,91%,2/10,98%,"884,696",4.4/5,61,6
411,71%,7/10,85%,"173,373",4.1/5,243,97
412,91%,4/10,86%,"21,574",4.2/5,333,33
413,86%,1/10,91%,"569,017",4.2/5,298,47
414,94%,1/10,96%,"1,125,719",4.2/5,78,5
415,0,0,0,0,0,0,0
416,88%,8/10,87%,"127,446",4.1/5,295,42
417,82%,4/10,94%,"355,343",4/5,79,17
418,98%,3/10,98%,"732,022",4.4/5,86,2
419,98%,7/10,92%,987,4.5/5,106,2
420,72%,2/10,95%,"1,243,857",4.1/5,66,26
421,95%,2/10,96%,"825,430",4.1/5,71,4
422,91%,2/10,95%,"1,355,431",4.1/5,208,20
423,87%,2/10,81%,"58,211",4.1/5,344,51
424,84%,7/10,88%,"18,357",4.2/5,144,27
425,99%,8/10,90%,"1,149",4.3/5,177,2
426,0,0,0,0,0,0,0
427,0,0,0,0,0,0,0
428,96%,3/10,89%,"390,605",4.3/5,307,13
429,87%,8/10,90%,"1,210,158",4.3/5,307,47
430,98%,3/10,95%,"1,304",4.7/5,112,2
431,88%,6/10,85%,"33,323,891",3.6/5,126,18
432,75%,7/10,93%,"45,065",4.3/5,91,31
433,0,0,0,0,0,0,0
434,97%,9/10,97%,"410,783",4.3/5,90,3
435,91%,2/10,94%,"736,787",4.1/5,249,26
436,88%,8/10,87%,"774,411",4/5,279,37
437,91%,8/10,92%,"253,206",4.4/5,279,27
438,0,0,0,0,0,0,0
439,91%,3/10,91%,"1,069,586",3.6/5,112,11
440,93%,9/10,90%,"90,900",4.3/5,350,26
441,93%,7/10,86%,"34,679,279",3.7/5,252,18
442,96%,7/10,95%,"845,930",4.1/5,85,4
443,0,0,0,0,0,0,0
444,95%,6/10,91%,"635,858",4.1/5,217,12
445,97%,6/10,85%,"126,497",4.2/5,382,13
446,84%,7/10,90%,"186,128",4.3/5,267,52
447,91%,8/10,91%,"130,662",4.3/5,318,31
448,96%,9/10,97%,"428,343",4.3/5,87,4
449,,,87%,113,4.1/5,0,0
450,30%,2/10,Average Rating:,591,N/A,6,14
451,0,0,0,0,0,0,0
452,25%,2/10,41%,"83,492",2.9/5,67,199
453,60%,2/10,82%,"6,797",3.6/5,3,2
454,20%,2/10,17%,"1,241",1.8/5,3,12
455,0,0,0,0,0,0,0
456,6%,4/10,26%,"6,229",2.3/5,2,33
457,12%,1/10,37%,"5,434",2.6/5,21,151
458,0,0,0,0,0,0,0
459,,,28%,160,2.2/5,0,0
460,0,0,0,0,0,0,0
461,0,0,0,0,0,0,0
462,11%,3/10,48%,"27,376",3/5,21,165
463,15%,7/10,43%,"324,383",3.1/5,32,176
464,0,0,0,0,0,0,0
465,,,42%,"7,512",3.1/5,0,0
466,,,24%,403,2.3/5,0,0
467,7%,2/10,20%,"2,124",1.7/5,5,66
468,92%,3/10,69%,"5,542",3.5/5,23,2
469,0%,6/10,50%,45,2.9/5,0,16
470,19%,7/10,16%,698,1.9/5,5,22
471,11%,8/10,36%,"121,711",2.8/5,23,179
472,11%,4/10,16%,274,1.9/5,5,40
473,4%,2/10,24%,"35,457",2.1/5,3,80
474,13%,7/10,29%,81,2.7/5,1,7
475,0,0,0,0,0,0,0
476,0,0,0,0,0,0,0
477,9%,5/10,14%,603,1.6/5,2,21
478,0,0,0,0,0,0,0
479,27%,5/10,45%,"759,048",3.1/5,57,153
480,12%,6/10,24%,"53,974",2.4/5,8,61
481,13%,1/10,44%,41,2.9/5,1,7
482,0,0,0,0,0,0,0
483,,,26%,499,2.3/5,0,0
484,23%,3/10,36%,"56,818",2.3/5,12,41
485,17%,4/10,26%,"3,532",2.6/5,1,5
486,0%,3/10,32%,"3,167",2.5/5,0,35
487,5%,3/10,10%,136,1.5/5,1,20
488,32%,5/10,23%,524,2.3/5,24,50
489,,,52%,378,2.8/5,0,0
490,16%,2/10,56%,"19,972",3.2/5,7,38
491,0,0,0,0,0,0,0
492,0,0,0,0,0,0,0
493,,,27%,96,2.8/5,0,0
494,20%,5/10,22%,"7,132",2.3/5,16,64
495,10%,5/10,8%,"1,682",1.2/5,1,9
496,0,0,0,0,0,0,0
497,1%,8/10,19%,"128,802",2.2/5,1,72
498,23%,5/10,34%,"4,554",2.7/5,13,44
499,0%,6/10,33%,865,2.5/5,0,34
500,62%,1/10,89%,"17,860",4.4/5,213,133
501,96%,9/10,76%,"3,435",3.9/5,315,14
502,90%,1/10,80%,"15,993",4.1/5,403,45
503,81%,4/10,95%,"3,723",4.4/5,215,52
504,0,0,0,0,0,0,0
505,81%,7/10,94%,"2,267",4.6/5,40,9
506,85%,6/10,91%,"51,037",4.5/5,349,63
507,98%,2/10,0,"47,367",0,50,1
508,70%,9/10,95%,322,4.7/5,7,3
509,94%,6/10,94%,"1,830,714",4.4/5,312,20
510,91%,2/10,98%,"884,696",4.4/5,61,6
511,71%,7/10,85%,"173,373",4.1/5,243,97
512,91%,4/10,86%,"21,574",4.2/5,333,33
513,86%,1/10,91%,"569,017",4.2/5,298,47
514,94%,1/10,96%,"1,125,719",4.2/5,78,5
515,0,0,0,0,0,0,0
516,88%,8/10,87%,"127,446",4.1/5,295,42
517,82%,4/10,94%,"355,343",4/5,79,17
518,98%,3/10,98%,"732,022",4.4/5,86,2
519,98%,7/10,92%,987,4.5/5,106,2
520,72%,2/10,95%,"1,243,857",4.1/5,66,26
521,95%,2/10,96%,"825,430",4.1/5,71,4
522,91%,2/10,95%,"1,355,431",4.1/5,208,20
523,87%,2/10,81%,"58,211",4.1/5,344,51
524,84%,7/10,88%,"18,357",4.2/5,144,27
525,99%,8/10,90%,"1,149",4.3/5,177,2
526,0,0,0,0,0,0,0
527,0,0,0,0,0,0,0
528,96%,3/10,89%,"390,605",4.3/5,307,13
529,87%,8/10,90%,"1,210,158",4.3/5,307,47
530,98%,3/10,95%,"1,304",4.7/5,112,2
531,88%,6/10,85%,"33,323,891",3.6/5,126,18
532,75%,7/10,93%,"45,065",4.3/5,91,31
533,0,0,0,0,0,0,0
534,97%,9/10,97%,"410,783",4.3/5,90,3
535,91%,2/10,94%,"736,787",4.1/5,249,26
536,88%,8/10,87%,"774,411",4/5,279,37
537,91%,8/10,92%,"253,206",4.4/5,279,27
538,0,0,0,0,0,0,0
539,91%,3/10,91%,"1,069,586",3.6/5,112,11
540,93%,9/10,90%,"90,900",4.3/5,350,26
541,93%,7/10,86%,"34,679,279",3.7/5,252,18
542,96%,7/10,95%,"845,930",4.1/5,85,4
543,0,0,0,0,0,0,0
544,95%,6/10,91%,"635,858",4.1/5,217,12
545,97%,6/10,85%,"126,497",4.2/5,382,13
546,84%,7/10,90%,"186,128",4.3/5,267,52
547,91%,8/10,91%,"130,662",4.3/5,318,31
548,96%,9/10,97%,"428,343",4.3/5,87,4
549,,,87%,113,4.1/5,0,0
550,30%,2/10,Average Rating:,591,N/A,6,14
551,0,0,0,0,0,0,0
552,25%,2/10,41%,"83,492",2.9/5,67,199
553,60%,2/10,82%,"6,797",3.6/5,3,2
554,20%,2/10,17%,"1,241",1.8/5,3,12
555,0,0,0,0,0,0,0
556,6%,4/10,26%,"6,229",2.3/5,2,33
557,12%,1/10,37%,"5,434",2.6/5,21,151
558,0,0,0,0,0,0,0
559,,,28%,160,2.2/5,0,0
560,0,0,0,0,0,0,0
561,0,0,0,0,0,0,0
562,11%,3/10,48%,"27,376",3/5,21,165
563,15%,7/10,43%,"324,383",3.1/5,32,176
564,0,0,0,0,0,0,0
565,,,42%,"7,512",3.1/5,0,0
566,,,24%,403,2.3/5,0,0
567,7%,2/10,20%,"2,124",1.7/5,5,66
568,92%,3/10,69%,"5,542",3.5/5,23,2
569,0%,6/10,50%,45,2.9/5,0,16
570,19%,7/10,16%,698,1.9/5,5,22
571,11%,8/10,36%,"121,711",2.8/5,23,179
572,11%,4/10,16%,274,1.9/5,5,40
573,4%,2/10,24%,"35,457",2.1/5,3,80
574,13%,7/10,29%,81,2.7/5,1,7
575,0,0,0,0,0,0,0
576,0,0,0,0,0,0,0
577,9%,5/10,14%,603,1.6/5,2,21
578,0,0,0,0,0,0,0
579,27%,5/10,45%,"759,048",3.1/5,57,153
580,12%,6/10,24%,"53,974",2.4/5,8,61
581,13%,1/10,44%,41,2.9/5,1,7
582,0,0,0,0,0,0,0
583,,,26%,499,2.3/5,0,0
584,23%,3/10,36%,"56,818",2.3/5,12,41
585,17%,4/10,26%,"3,532",2.6/5,1,5
586,0%,3/10,32%,"3,167",2.5/5,0,35
587,5%,3/10,10%,136,1.5/5,1,20
588,32%,5/10,23%,524,2.3/5,24,50
589,,,52%,378,2.8/5,0,0
590,16%,2/10,56%,"19,972",3.2/5,7,38
591,0,0,0,0,0,0,0
592,0,0,0,0,0,0,0
593,,,27%,96,2.8/5,0,0
594,20%,5/10,22%,"7,132",2.3/5,16,64
595,10%,5/10,8%,"1,682",1.2/5,1,9
596,0,0,0,0,0,0,0
597,1%,8/10,19%,"128,802",2.2/5,1,72
598,23%,5/10,34%,"4,554",2.7/5,13,44
599,0%,6/10,33%,865,2.5/5,0,34
600,62%,1/10,89%,"17,860",4.4/5,213,133
601,96%,9/10,76%,"3,435",3.9/5,315,14
602,90%,1/10,80%,"15,993",4.1/5,403,45
603,81%,4/10,95%,"3,723",4.4/5,215,52
604,0,0,0,0,0,0,0
605,81%,7/10,94%,"2,267",4.6/5,40,9
606,85%,6/10,91%,"51,037",4.5/5,349,63
607,98%,2/10,0,"47,367",0,50,1
608,70%,9/10,95%,322,4.7/5,7,3
609,94%,6/10,94%,"1,830,714",4.4/5,312,20
610,91%,2/10,98%,"884,696",4.4/5,61,6
611,71%,7/10,85%,"173,373",4.1/5,243,97
612,91%,4/10,86%,"21,574",4.2/5,333,33
613,86%,1/10,91%,"569,017",4.2/5,298,47
614,94%,1/10,96%,"1,125,719",4.2/5,78,5
615,0,0,0,0,0,0,0
616,88%,8/10,87%,"127,446",4.1/5,295,42
617,82%,4/10,94%,"355,343",4/5,79,17
618,98%,3/10,98%,"732,022",4.4/5,86,2
619,98%,7/10,92%,987,4.5/5,106,2
620,72%,2/10,95%,"1,243,857",4.1/5,66,26
621,95%,2/10,96%,"825,430",4.1/5,71,4
622,91%,2/10,95%,"1,355,431",4.1/5,208,20
623,87%,2/10,81%,"58,211",4.1/5,344,51
624,84%,7/10,88%,"18,357",4.2/5,144,27
625,99%,8/10,90%,"1,149",4.3/5,177,2
626,0,0,0,0,0,0,0
627,0,0,0,0,0,0,0
628,96%,3/10,89%,"390,605",4.3/5,307,13
629,87%,8/10,90%,"1,210,158",4.3/5,307,47
630,98%,3/10,95%,"1,304",4.7/5,112,2
631,88%,6/10,85%,"33,323,891",3.6/5,126,18
632,75%,7/10,93%,"45,065",4.3/5,91,31
633,0,0,0,0,0,0,0
634,97%,9/10,97%,"410,783",4.3/5,90,3
635,91%,2/10,94%,"736,787",4.1/5,249,26
636,88%,8/10,87%,"774,411",4/5,279,37
637,91%,8/10,92%,"253,206",4.4/5,279,27
638,0,0,0,0,0,0,0
639,91%,3/10,91%,"1,069,586",3.6/5,112,11
640,93%,9/10,90%,"90,900",4.3/5,350,26
641,93%,7/10,86%,"34,679,279",3.7/5,252,18
642,96%,7/10,95%,"845,930",4.1/5,85,4
643,0,0,0,0,0,0,0
644,95%,6/10,91%,"635,858",4.1/5,217,12
645,97%,6/10,85%,"126,497",4.2/5,382,13
646,84%,7/10,90%,"186,128",4.3/5,267,52
647,91%,8/10,91%,"130,662",4.3/5,318,31
648,96%,9/10,97%,"428,343",4.3/5,87,4
649,,,87%,113,4.1/5,0,0
650,30%,2/10,Average Rating:,591,N/A,6,14
651,0,0,0,0,0,0,0
652,25%,2/10,41%,"83,492",2.9/5,67,199
653,60%,2/10,82%,"6,797",3.6/5,3,2
654,20%,2/10,17%,"1,241",1.8/5,3,12
655,0,0,0,0,0,0,0
656,6%,4/10,26%,"6,229",2.3/5,2,33
657,12%,1/10,37%,"5,434",2.6/5,21,151
658,0,0,0,0,0,0,0
659,,,28%,160,2.2/5,0,0
660,0,0,0,0,0,0,0
661,0,0,0,0,0,0,0
662,11%,3/10,48%,"27,376",3/5,21,165
663,15%,7/10,43%,"324,383",3.1/5,32,176
664,0,0,0,0,0,0,0
665,,,42%,"7,512",3.1/5,0,0
666,,,24%,403,2.3/5,0,0
667,7%,2/10,20%,"2,124",1.7/5,5,66
668,92%,3/10,69%,"5,542",3.5/5,23,2
669,0%,6/10,50%,45,2.9/5,0,16
670,19%,7/10,16%,698,1.9/5,5,22
671,11%,8/10,36%,"121,711",2.8/5,23,179
672,11%,4/10,16%,274,1.9/5,5,40
673,4%,2/10,24%,"35,457",2.1/5,3,80
674,13%,7/10,29%,81,2.7/5,1,7
675,0,0,0,0,0,0,0
676,0,0,0,0,0,0,0
677,9%,5/10,14%,603,1.6/5,2,21
678,0,0,0,0,0,0,0
679,27%,5/10,45%,"759,048",3.1/5,57,153
680,12%,6/10,24%,"53,974",2.4/5,8,61
681,13%,1/10,44%,41,2.9/5,1,7
682,0,0,0,0,0,0,0
683,,,26%,499,2.3/5,0,0
684,23%,3/10,36%,"56,818",2.3/5,12,41
685,17%,4/10,26%,"3,532",2.6/5,1,5
686,0%,3/10,32%,"3,167",2.5/5,0,35
687,5%,3/10,10%,136,1.5/5,1,20
688,32%,5/10,23%,524,2.3/5,24,50
689,,,52%,378,2.8/5,0,0
690,16%,2/10,56%,"19,972",3.2/5,7,38
691,0,0,0,0,0,0,0
692,0,0,0,0,0,0,0
693,,,27%,96,2.8/5,0,0
694,20%,5/10,22%,"7,132",2.3/5,16,64
695,10%,5/10,8%,"1,682",1.2/5,1,9
696,0,0,0,0,0,0,0
697,1%,8/10,19%,"128,802",2.2/5,1,72
698,23%,5/10,34%,"4,554",2.7/5,13,44
699,0%,6/10,33%,865,2.5/5,0,34
700,62%,1/10,89%,"17,860",4.4/5,213,133
701,96%,9/10,76%,"3,435",3.9/5,315,14
702,90%,1/10,80%,"15,993",4.1/5,403,45
703,81%,4/10,95%,"3,723",4.4/5,215,52
704,0,0,0,0,0,0,0
705,81%,7/10,94%,"2,267",4.6/5,40,9
706,85%,6/10,91%,"51,037",4.5/5,349,63
707,98%,2/10,0,"47,367",0,50,1
708,70%,9/10,95%,322,4.7/5,7,3
709,94%,6/10,94%,"1,830,714",4.4/5,312,20
710,91%,2/10,98%,"884,696",4.4/5,61,6
711,71%,7/10,85%,"173,373",4.1/5,243,97
712,91%,4/10,86%,"21,574",4.2/5,333,33
713,86%,1/10,91%,"569,017",4.2/5,298,47
714,94%,1/10,96%,"1,125,719",4.2/5,78,5
715,0,0,0,0,0,0,0
716,88%,8/10,87%,"127,446",4.1/5,295,42
717,82%,4/10,94%,"355,343",4/5,79,17
718,98%,3/10,98%,"732,022",4.4/5,86,2
719,98%,7/10,92%,987,4.5/5,106,2
720,72%,2/10,95%,"1,243,857",4.1/5,66,26
721,95%,2/10,96%,"825,430",4.1/5,71,4
722,91%,2/10,95%,"1,355,431",4.1/5,208,20
723,87%,2/10,81%,"58,211",4.1/5,344,51
724,84%,7/10,88%,"18,357",4.2/5,144,27
725,99%,8/10,90%,"1,149",4.3/5,177,2
726,0,0,0,0,0,0,0
727,0,0,0,0,0,0,0
728,96%,3/10,89%,"390,605",4.3/5,307,13
729,87%,8/10,90%,"1,210,158",4.3/5,307,47
730,98%,3/10,95%,"1,304",4.7/5,112,2
731,88%,6/10,85%,"33,323,891",3.6/5,126,18
732,75%,7/10,93%,"45,065",4.3/5,91,31
733,0,0,0,0,0,0,0
734,97%,9/10,97%,"410,783",4.3/5,90,3
735,91%,2/10,94%,"736,787",4.1/5,249,26
736,88%,8/10,87%,"774,411",4/5,279,37
737,91%,8/10,92%,"253,206",4.4/5,279,27
738,0,0,0,0,0,0,0
739,91%,3/10,91%,"1,069,586",3.6/5,112,11
740,93%,9/10,90%,"90,900",4.3/5,350,26
741,93%,7/10,86%,"34,679,279",3.7/5,252,18
742,96%,7/10,95%,"845,930",4.1/5,85,4
743,0,0,0,0,0,0,0
744,95%,6/10,91%,"635,858",4.1/5,217,12
745,97%,6/10,85%,"126,497",4.2/5,382,13
746,84%,7/10,90%,"186,128",4.3/5,267,52
747,91%,8/10,91%,"130,662",4.3/5,318,31
748,96%,9/10,97%,"428,343",4.3/5,87,4
749,,,87%,113,4.1/5,0,0
750,30%,2/10,Average Rating:,591,N/A,6,14
751,0,0,0,0,0,0,0
752,25%,2/10,41%,"83,492",2.9/5,67,199
753,60%,2/10,82%,"6,797",3.6/5,3,2
754,20%,2/10,17%,"1,241",1.8/5,3,12
755,0,0,0,0,0,0,0
756,6%,4/10,26%,"6,229",2.3/5,2,33
757,12%,1/10,37%,"5,434",2.6/5,21,151
758,0,0,0,0,0,0,0
759,,,28%,160,2.2/5,0,0
760,0,0,0,0,0,0,0
761,0,0,0,0,0,0,0
762,11%,3/10,48%,"27,376",3/5,21,165
763,15%,7/10,43%,"324,383",3.1/5,32,176
764,0,0,0,0,0,0,0
765,,,42%,"7,512",3.1/5,0,0
766,,,24%,403,2.3/5,0,0
767,7%,2/10,20%,"2,124",1.7/5,5,66
768,92%,3/10,69%,"5,542",3.5/5,23,2
769,0%,6/10,50%,45,2.9/5,0,16
770,19%,7/10,16%,698,1.9/5,5,22
771,11%,8/10,36%,"121,711",2.8/5,23,179
772,11%,4/10,16%,274,1.9/5,5,40
773,4%,2/10,24%,"35,457",2.1/5,3,80
774,13%,7/10,29%,81,2.7/5,1,7
775,0,0,0,0,0,0,0
776,0,0,0,0,0,0,0
777,9%,5/10,14%,603,1.6/5,2,21
778,0,0,0,0,0,0,0
779,27%,5/10,45%,"759,048",3.1/5,57,153
780,12%,6/10,24%,"53,974",2.4/5,8,61
781,13%,1/10,44%,41,2.9/5,1,7
782,0,0,0,0,0,0,0
783,,,26%,499,2.3/5,0,0
784,23%,3/10,36%,"56,818",2.3/5,12,41
785,17%,4/10,26%,"3,532",2.6/5,1,5
786,0%,3/10,32%,"3,167",2.5/5,0,35
787,5%,3/10,10%,136,1.5/5,1,20
788,32%,5/10,23%,524,2.3/5,24,50
789,,,52%,378,2.8/5,0,0
790,16%,2/10,56%,"19,972",3.2/5,7,38
791,0,0,0,0,0,0,0
792,0,0,0,0,0,0,0
793,,,27%,96,2.8/5,0,0
794,20%,5/10,22%,"7,132",2.3/5,16,64
795,10%,5/10,8%,"1,682",1.2/5,1,9
796,0,0,0,0,0,0,0
797,1%,8/10,19%,"128,802",2.2/5,1,72
798,23%,5/10,34%,"4,554",2.7/5,13,44
799,0%,6/10,33%,865,2.5/5,0,34
800,62%,1/10,89%,"17,860",4.4/5,213,133
801,96%,9/10,76%,"3,435",3.9/5,315,14
802,90%,1/10,80%,"15,993",4.1/5,403,45
803,81%,4/10,95%,"3,723",4.4/5,215,52
804,0,0,0,0,0,0,0
805,81%,7/10,94%,"2,267",4.6/5,40,9
806,85%,6/10,91%,"51,037",4.5/5,349,63
807,98%,2/10,0,"47,367",0,50,1
808,70%,9/10,95%,322,4.7/5,7,3
809,94%,6/10,94%,"1,830,714",4.4/5,312,20
810,91%,2/10,98%,"884,696",4.4/5,61,6
811,71%,7/10,85%,"173,373",4.1/5,243,97
812,91%,4/10,86%,"21,574",4.2/5,333,33
813,86%,1/10,91%,"569,017",4.2/5,298,47
814,94%,1/10,96%,"1,125,719",4.2/5,78,5
815,0,0,0,0,0,0,0
816,88%,8/10,87%,"127,446",4.1/5,295,42
817,82%,4/10,94%,"355,343",4/5,79,17
818,98%,3/10,98%,"732,022",4.4/5,86,2
819,98%,7/10,92%,987,4.5/5,106,2
820,72%,2/10,95%,"1,243,857",4.1/5,66,26
821,95%,2/10,96%,"825,430",4.1/5,71,4
822,91%,2/10,95%,"1,355,431",4.1/5,208,20
823,87%,2/10,81%,"58,211",4.1/5,344,51
824,84%,7/10,88%,"18,357",4.2/5,144,27
825,99%,8/10,90%,"1,149",4.3/5,177,2
826,0,0,0,0,0,0,0
827,0,0,0,0,0,0,0
828,96%,3/10,89%,"390,605",4.3/5,307,13
829,87%,8/10,90%,"1,210,158",4.3/5,307,47
830,98%,3/10,95%,"1,304",4.7/5,112,2
831,88%,6/10,85%,"33,323,891",3.6/5,126,18
832,75%,7/10,93%,"45,065",4.3/5,91,31
833,0,0,0,0,0,0,0
834,97%,9/10,97%,"410,783",4.3/5,90,3
835,91%,2/10,94%,"736,787",4.1/5,249,26
836,88%,8/10,87%,"774,411",4/5,279,37
837,91%,8/10,92%,"253,206",4.4/5,279,27
838,0,0,0,0,0,0,0
839,91%,3/10,91%,"1,069,586",3.6/5,112,11
840,93%,9/10,90%,"90,900",4.3/5,350,26
841,93%,7/10,86%,"34,679,279",3.7/5,252,18
842,96%,7/10,95%,"845,930",4.1/5,85,4
843,0,0,0,0,0,0,0
844,95%,6/10,91%,"635,858",4.1/5,217,12
845,97%,6/10,85%,"126,497",4.2/5,382,13
846,84%,7/10,90%,"186,128",4.3/5,267,52
847,91%,8/10,91%,"130,662",4.3/5,318,31
848,96%,9/10,97%,"428,343",4.3/5,87,4
849,,,87%,113,4.1/5,0,0
850,30%,2/10,Average Rating:,591,N/A,6,14
851,0,0,0,0,0,0,0
852,25%,2/10,41%,"83,492",2.9/5,67,199
853,60%,2/10,82%,"6,797",3.6/5,3,2
854,20%,2/10,17%,"1,241",1.8/5,3,12
855,0,0,0,0,0,0,0
856,6%,4/10,26%,"6,229",2.3/5,2,33
857,12%,1/10,37%,"5,434",2.6/5,21,151
858,0,0,0,0,0,0,0
859,,,28%,160,2.2/5,0,0
860,0,0,0,0,0,0,0
861,0,0,0,0,0,0,0
862,11%,3/10,48%,"27,376",3/5,21,165
863,15%,7/10,43%,"324,383",3.1/5,32,176
864,0,0,0,0,0,0,0
865,,,42%,"7,512",3.1/5,0,0
866,,,24%,403,2.3/5,0,0
867,7%,2/10,20%,"2,124",1.7/5,5,66
868,92%,3/10,69%,"5,542",3.5/5,23,2
869,0%,6/10,50%,45,2.9/5,0,16
870,19%,7/10,16%,698,1.9/5,5,22
871,11%,8/10,36%,"121,711",2.8/5,23,179
872,11%,4/10,16%,274,1.9/5,5,40
873,4%,2/10,24%,"35,457",2.1/5,3,80
874,13%,7/10,29%,81,2.7/5,1,7
875,0,0,0,0,0,0,0
876,0,0,0,0,0,0,0
877,9%,5/10,14%,603,1.6/5,2,21
878,0,0,0,0,0,0,0
879,27%,5/10,45%,"759,048",3.1/5,57,153
880,12%,6/10,24%,"53,974",2.4/5,8,61
881,13%,1/10,44%,41,2.9/5,1,7
882,0,0,0,0,0,0,0
883,,,26%,499,2.3/5,0,0
884,23%,3/10,36%,"56,818",2.3/5,12,41
885,17%,4/10,26%,"3,532",2.6/5,1,5
886,0%,3/10,32%,"3,167",2.5/5,0,35
887,5%,3/10,10%,136,1.5/5,1,20
888,32%,5/10,23%,524,2.3/5,24,50
889,,,52%,378,2.8/5,0,0
890,16%,2/10,56%,"19,972",3.2/5,7,38
891,0,0,0,0,0,0,0
892,0,0,0,0,0,0,0
893,,,27%,96,2.8/5,0,0
894,20%,5/10,22%,"7,132",2.3/5,16,64
895,10%,5/10,8%,"1,682",1.2/5,1,9
896,0,0,0,0,0,0,0
897,1%,8/10,19%,"128,802",2.2/5,1,72
898,23%,5/10,34%,"4,554",2.7/5,13,44
899,0%,6/10,33%,865,2.5/5,0,34
900,62%,1/10,89%,"17,860",4.4/5,213,133
901,96%,9/10,76%,"3,435",3.9/5,315,14
902,90%,1/10,80%,"15,993",4.1/5,403,45
903,81%,4/10,95%,"3,723",4.4/5,215,52
904,0,0,0,0,0,0,0
905,81%,7/10,94%,"2,267",4.6/5,40,9
906,85%,6/10,91%,"51,037",4.5/5,349,63
907,98%,2/10,0,"47,367",0,50,1
908,70%,9/10,95%,322,4.7/5,7,3
909,94%,6/10,94%,"1,830,714",4.4/5,312,20
910,91%,2/10,98%,"884,696",4.4/5,61,6
911,71%,7/10,85%,"173,373",4.1/5,243,97
912,91%,4/10,86%,"21,574",4.2/5,333,33
913,86%,1/10,91%,"569,017",4.2/5,298,47
914,94%,1/10,96%,"1,125,719",4.2/5,78,5
915,0,0,0,0,0,0,0
916,88%,8/10,87%,"127,446",4.1/5,295,42
917,82%,4/10,94%,"355,343",4/5,79,17
918,98%,3/10,98%,"732,022",4.4/5,86,2
919,98%,7/10,92%,987,4.5/5,106,2
920,72%,2/10,95%,"1,243,857",4.1/5,66,26
921,95%,2/10,96%,"825,430",4.1/5,71,4
922,91%,2/10,95%,"1,355,431",4.1/5,208,20
923,87%,2/10,81%,"58,211",4.1/5,344,51
924,84%,7/10,88%,"18,357",4.2/5,144,27
925,99%,8/10,90%,"1,149",4.3/5,177,2
926,0,0,0,0,0,0,0
927,0,0,0,0,0,0,0
928,96%,3/10,89%,"390,605",4.3/5,307,13
929,87%,8/10,90%,"1,210,158",4.3/5,307,47
930,98%,3/10,95%,"1,304",4.7/5,112,2
931,88%,6/10,85%,"33,323,891",3.6/5,126,18
932,75%,7/10,93%,"45,065",4.3/5,91,31
933,0,0,0,0,0,0,0
934,97%,9/10,97%,"410,783",4.3/5,90,3
935,91%,2/10,94%,"736,787",4.1/5,249,26
936,88%,8/10,87%,"774,411",4/5,279,37
937,91%,8/10,92%,"253,206",4.4/5,279,27
938,0,0,0,0,0,0,0
939,91%,3/10,91%,"1,069,586",3.6/5,112,11
940,93%,9/10,90%,"90,900",4.3/5,350,26
941,93%,7/10,86%,"34,679,279",3.7/5,252,18
942,96%,7/10,95%,"845,930",4.1/5,85,4
943,0,0,0,0,0,0,0
944,95%,6/10,91%,"635,858",4.1/5,217,12
945,97%,6/10,85%,"126,497",4.2/5,382,13
946,84%,7/10,90%,"186,128",4.3/5,267,52
947,91%,8/10,91%,"130,662",4.3/5,318,31
948,96%,9/10,97%,"428,343",4.3/5,87,4
949,,,87%,113,4.1/5,0,0
950,30%,2/10,Average Rating:,591,N/A,6,14
951,0,0,0,0,0,0,0
952,25%,2/10,41%,"83,492",2.9/5,67,199
953,60%,2/10,82%,"6,797",3.6/5,3,2
954,20%,2/10,17%,"1,241",1.8/5,3,12
955,0,0,0,0,0,0,0
956,6%,4/10,26%,"6,229",2.3/5,2,33
957,12%,1/10,37%,"5,434",2.6/5,21,151
958,0,0,0,0,0,0,0
959,,,28%,160,2.2/5,0,0
960,0,0,0,0,0,0,0
961,0,0,0,0,0,0,0
962,11%,3/10,48%,"27,376",3/5,21,165
963,15%,7/10,43%,"324,383",3.1/5,32,176
964,0,0,0,0,0,0,0
965,,,42%,"7,512",3.1/5,0,0
966,,,24%,403,2.3/5,0,0
967,7%,2/10,20%,"2,124",1.7/5,5,66
968,92%,3/10,69%,"5,542",3.5/5,23,2
969,0%,6/10,50%,45,2.9/5,0,16
970,19%,7/10,16%,698,1.9/5,5,22
971,11%,8/10,36%,"121,711",2.8/5,23,179
972,11%,4/10,16%,274,1.9/5,5,40
973,4%,2/10,24%,"35,457",2.1/5,3,80
974,13%,7/10,29%,81,2.7/5,1,7
975,0,0,0,0,0,0,0
976,0,0,0,0,0,0,0
977,9%,5/10,14%,603,1.6/5,2,21
978,0,0,0,0,0,0,0
979,27%,5/10,45%,"759,048",3.1/5,57,153
980,12%,6/10,24%,"53,974",2.4/5,8,61
981,13%,1/10,44%,41,2.9/5,1,7
982,0,0,0,0,0,0,0
983,,,26%,499,2.3/5,0,0
984,23%,3/10,36%,"56,818",2.3/5,12,41
985,17%,4/10,26%,"3,532",2.6/5,1,5
986,0%,3/10,32%,"3,167",2.5/5,0,35
987,5%,3/10,10%,136,1.5/5,1,20
988,32%,5/10,23%,524,2.3/5,24,50
989,,,52%,378,2.8/5,0,0
990,16%,2/10,56%,"19,972",3.2/5,7,38
991,0,0,0,0,0,0,0
992,0,0,0,0,0,0,0
993,,,27%,96,2.8/5,0,0
994,20%,5/10,22%,"7,132",2.3/5,16,64
995,10%,5/10,8%,"1,682",1.2/5,1,9
996,0,0,0,0,0,0,0
997,1%,8/10,19%,"128,802",2.2/5,1,72
998,23%,5/10,34%,"4,554",2.7/5,13,44
999,0%,6/10,33%,865,2.5/5,0,34
1000,62%,1/10,89%,"17,860",4.4/5,213,133
1001,96%,9/10,76%,"3,435",3.9/5,315,14
1002,90%,1/10,80%,"15,993",4.1/5,403,45
1003,81%,4/10,95%,"3,723",4.4/5,215,52
1004,0,0,0,0,0,0,0
1005,81%,7/10,94%,"2,267",4.6/5,40,9
1006,85%,6/10,91%,"51,037",4.5/5,349,63
1007,98%,2/10,0,"47,367",0,50,1
1008,70%,9/10,95%,322,4.7/5,7,3
1009,94%,6/10,94%,"1,830,714",4.4/5,312,20
1010,91%,2/10,98%,"884,696",4.4/5,61,6
1011,71%,7/10,85%,"173,373",4.1/5,243,97
1012,91%,4/10,86%,"21,574",4.2/5,333,33
1013,86%,1/10,91%,"569,017",4.2/5,298,47
1014,94%,1/10,96%,"1,125,719",4.2/5,78,5
1015,0,0,0,0,0,0,0
1016,88%,8/10,87%,"127,446",4.1/5,295,42
1017,82%,4/10,94%,"355,343",4/5,79,17
1018,98%,3/10,98%,"732,022",4.4/5,86,2
1019,98%,7/10,92%,987,4.5/5,106,2
1020,72%,2/10,95%,"1,243,857",4.1/5,66,26
1021,95%,2/10,96%,"825,430",4.1/5,71,4
1022,91%,2/10,95%,"1,355,431",4.1/5,208,20
1023,87%,2/10,81%,"58,211",4.1/5,344,51
1024,84%,7/10,88%,"18,357",4.2/5,144,27
1025,99%,8/10,90%,"1,149",4.3/5,177,2
1026,0,0,0,0,0,0,0
1027,0,0,0,0,0,0,0
1028,96%,3/10,89%,"390,605",4.3/5,307,13
1029,87%,8/10,90%,"1,210,158",4.3/5,307,47
1030,98%,3/10,95%,"1,304",4.7/5,112,2
1031,88%,6/10,85%,"33,323,891",3.6/5,126,18
1032,75%,7/10,93%,"45,065",4.3/5,91,31
1033,0,0,0,0,0,0,0
1034,97%,9/10,97%,"410,783",4.3/5,90,3
1035,91%,2/10,94%,"736,787",4.1/5,249,26
1036,88%,8/10,87%,"774,411",4/5,279,37
1037,91%,8/10,92%,"253,206",4.4/5,279,27
1038,0,0,0,0,0,0,0
1039,91%,3/10,91%,"1,069,586",3.6/5,112,11
1040,93%,9/10,90%,"90,900",4.3/5,350,26
1041,93%,7/10,86%,"34,679,279",3.7/5,252,18
1042,96%,7/10,95%,"845,930",4.1/5,85,4
1043,0,0,0,0,0,0,0
1044,95%,6/10,91%,"635,858",4.1/5,217,12
1045,97%,6/10,85%,"126,497",4.2/5,382,13
1046,84%,7/10,90%,"186,128",4.3/5,267,52
1047,91%,8/10,91%,"130,662",4.3/5,318,31
1048,96%,9/10,97%,"428,343",4.3/5,87,4
1049,,,87%,113,4.1/5,0,0
1050,30%,2/10,Average Rating:,591,N/A,6,14
1051,0,0,0,0,0,0,0
1052,25%,2/10,41%,"83,492",2.9/5,67,199
1053,60%,2/10,82%,"6,797",3.6/5,3,2
1054,20%,2/10,17%,"1,241",1.8/5,3,12
1055,0,0,0,0,0,0,0
1056,6%,4/10,26%,"6,229",2.3/5,2,33
1057,12%,1/10,37%,"5,434",2.6/5,21,151
1058,0,0,0,0,0,0,0
1059,,,28%,160,2.2/5,0,0
1060,0,0,0,0,0,0,0
1061,0,0,0,0,0,0,0
1062,11%,3/10,48%,"27,376",3/5,21,165
1063,15%,7/10,43%,"324,383",3.1/5,32,176
1064,0,0,0,0,0,0,0
1065,,,42%,"7,512",3.1/5,0,0
1066,,,24%,403,2.3/5,0,0
1067,7%,2/10,20%,"2,124",1.7/5,5,66
1068,92%,3/10,69%,"5,542",3.5/5,23,2
1069,0%,6/10,50%,45,2.9/5,0,16
1070,19%,7/10,16%,698,1.9/5,5,22
1071,11%,8/10,36%,"121,711",2.8/5,23,179
1072,11%,4/10,16%,274,1.9/5,5,40
1073,4%,2/10,24%,"35,457",2.1/5,3,80
1074,13%,7/10,29%,81,2.7/5,1,7
1075,0,0,0,0,0,0,0
1076,0,0,0,0,0,0,0
1077,9%,5/10,14%,603,1.6/5,2,21
1078,0,0,0,0,0,0,0
1079,27%,5/10,45%,"759,048",3.1/5,57,153
1080,12%,6/10,24%,"53,974",2.4/5,8,61
1081,13%,1/10,44%,41,2.9/5,1,7
1082,0,0,0,0,0,0,0
1083,,,26%,499,2.3/5,0,0
1084,23%,3/10,36%,"56,818",2.3/5,12,41
1085,17%,4/10,26%,"3,532",2.6/5,1,5
1086,0%,3/10,32%,"3,167",2.5/5,0,35
1087,5%,3/10,10%,136,1.5/5,1,20
1088,32%,5/10,23%,524,2.3/5,24,50
1089,,,52%,378,2.8/5,0,0
1090,16%,2/10,56%,"19,972",3.2/5,7,38
1091,0,0,0,0,0,0,0
1092,0,0,0,0,0,0,0
1093,,,27%,96,2.8/5,0,0
1094,20%,5/10,22%,"7,132",2.3/5,16,64
1095,10%,5/10,8%,"1,682",1.2/5,1,9
1096,0,0,0,0,0,0,0
1097,1%,8/10,19%,"128,802",2.2/5,1,72
1098,23%,5/10,34%,"4,554",2.7/5,13,44
1099,0%,6/10,33%,865,2.5/5,0,34
1100,62%,1/10,89%,"17,860",4.4/5,213,133
1101,96%,9/10,76%,"3,435",3.9/5,315,14
1102,90%,1/10,80%,"15,993",4.1/5,403,45
1103,81%,4/10,95%,"3,723",4.4/5,215,52
1104,0,0,0,0,0,0,0
1105,81%,7/10,94%,"2,267",4.6/5,40,9
1106,85%,6/10,91%,"51,037",4.5/5,349,63
1107,98%,2/10,0,"47,367",0,50,1
1108,70%,9/10,95%,322,4.7/5,7,3
1109,94%,6/10,94%,"1,830,714",4.4/5,312,20
1110,91%,2/10,98%,"884,696",4.4/5,61,6
1111,71%,7/10,85%,"173,373",4.1/5,243,97
1112,91%,4/10,86%,"21,574",4.2/5,333,33
1113,86%,1/10,91%,"569,017",4.2/5,298,47
1114,94%,1/10,96%,"1,125,719",4.2/5,78,5
1115,0,0,0,0,0,0,0
1116,88%,8/10,87%,"127,446",4.1/5,295,42
1117,82%,4/10,94%,"355,343",4/5,79,17
1118,98%,3/10,98%,"732,022",4.4/5,86,2
1119,98%,7/10,92%,987,4.5/5,106,2
1120,72%,2/10,95%,"1,243,857",4.1/5,66,26
1121,95%,2/10,96%,"825,430",4.1/5,71,4
1122,91%,2/10,95%,"1,355,431",4.1/5,208,20
1123,87%,2/10,81%,"58,211",4.1/5,344,51
1124,84%,7/10,88%,"18,357",4.2/5,144,27
1125,99%,8/10,90%,"1,149",4.3/5,177,2
1126,0,0,0,0,0,0,0
1127,0,0,0,0,0,0,0
1128,96%,3/10,89%,"390,605",4.3/5,307,13
1129,87%,8/10,90%,"1,210,158",4.3/5,307,47
1130,98%,3/10,95%,"1,304",4.7/5,112,2
1131,88%,6/10,85%,"33,323,891",3.6/5,126,18
1132,75%,7/10,93%,"45,065",4.3/5,91,31
1133,0,0,0,0,0,0,0
1134,97%,9/10,97%,"410,783",4.3/5,90,3
1135,91%,2/10,94%,"736,787",4.1/5,249,26
1136,88%,8/10,87%,"774,411",4/5,279,37
1137,91%,8/10,92%,"253,206",4.4/5,279,27
1138,0,0,0,0,0,0,0
1139,91%,3/10,91%,"1,069,586",3.6/5,112,11
1140,93%,9/10,90%,"90,900",4.3/5,350,26
1141,93%,7/10,86%,"34,679,279",3.7/5,252,18
1142,96%,7/10,95%,"845,930",4.1/5,85,4
1143,0,0,0,0,0,0,0
1144,95%,6/10,91%,"635,858",4.1/5,217,12
1145,97%,6/10,85%,"126,497",4.2/5,382,13
1146,84%,7/10,90%,"186,128",4.3/5,267,52
1147,91%,8/10,91%,"130,662",4.3/5,318,31
1148,96%,9/10,97%,"428,343",4.3/5,87,4
1149,,,87%,113,4.1/5,0,0
1150,30%,2/10,Average Rating:,591,N/A,6,14
1151,0,0,0,0,0,0,0
1152,25%,2/10,41%,"83,492",2.9/5,67,199
1153,60%,2/10,82%,"6,797",3.6/5,3,2
1154,20%,2/10,17%,"1,241",1.8/5,3,12
1155,0,0,0,0,0,0,0
1156,6%,4/10,26%,"6,229",2.3/5,2,33
1157,12%,1/10,37%,"5,434",2.6/5,21,151
1158,0,0,0,0,0,0,0
1159,,,28%,160,2.2/5,0,0
1160,0,0,0,0,0,0,0
1161,0,0,0,0,0,0,0
1162,11%,3/10,48%,"27,376",3/5,21,165
1163,15%,7/10,43%,"324,383",3.1/5,32,176
1164,0,0,0,0,0,0,0
1165,,,42%,"7,512",3.1/5,0,0
1166,,,24%,403,2.3/5,0,0
1167,7%,2/10,20%,"2,124",1.7/5,5,66
1168,92%,3/10,69%,"5,542",3.5/5,23,2
1169,0%,6/10,50%,45,2.9/5,0,16
1170,19%,7/10,16%,698,1.9/5,5,22
1171,11%,8/10,36%,"121,711",2.8/5,23,179
1172,11%,4/10,16%,274,1.9/5,5,40
1173,4%,2/10,24%,"35,457",2.1/5,3,80
1174,13%,7/10,29%,81,2.7/5,1,7
1175,0,0,0,0,0,0,0
1176,0,0,0,0,0,0,0
1177,9%,5/10,14%,603,1.6/5,2,21
1178,0,0,0,0,0,0,0
1179,27%,5/10,45%,"759,048",3.1/5,57,153
1180,12%,6/10,24%,"53,974",2.4/5,8,61
1181,13%,1/10,44%,41,2.9/5,1,7
1182,0,0,0,0,0,0,0
1183,,,26%,499,2.3/5,0,0
1184,23%,3/10,36%,"56,818",2.3/5,12,41
1185,17%,4/10,26%,"3,532",2.6/5,1,5
1186,0%,3/10,32%,"3,167",2.5/5,0,35
1187,5%,3/10,10%,136,1.5/5,1,20
1188,32%,5/10,23%,524,2.3/5,24,50
1189,,,52%,378,2.8/5,0,0
1190,16%,2/10,56%,"19,972",3.2/5,7,38
1191,0,0,0,0,0,0,0
1192,0,0,0,0,0,0,0
1193,,,27%,96,2.8/5,0,0
1194,20%,5/10,22%,"7,132",2.3/5,16,64
1195,10%,5/10,8%,"1,682",1.2/5,1,9
1196,0,0,0,0,0,0,0
1197,1%,8/10,19%,"128,802",2.2/5,1,72
1198,23%,5/10,34%,"4,554",2.7/5,13,44
1199,0%,6/10,33%,865,2.5/5,0,34
1200,62%,1/10,89%,"17,860",4.4/5,213,133
1201,96%,9/10,76%,"3,435",3.9/5,315,14
1202,90%,1/10,80%,"15,993",4.1/5,403,45
1203,81%,4/10,95%,"3,723",4.4/5,215,52
1204,0,0,0,0,0,0,0
1205,81%,7/10,94%,"2,267",4.6/5,40,9
1206,85%,6/10,91%,"51,037",4.5/5,349,63
1207,98%,2/10,0,"47,367",0,50,1
1208,70%,9/10,95%,322,4.7/5,7,3
1209,94%,6/10,94%,"1,830,714",4.4/5,312,20
1210,91%,2/10,98%,"884,696",4.4/5,61,6
1211,71%,7/10,85%,"173,373",4.1/5,243,97
1212,91%,4/10,86%,"21,574",4.2/5,333,33
1213,86%,1/10,91%,"569,017",4.2/5,298,47
1214,94%,1/10,96%,"1,125,719",4.2/5,78,5
1215,0,0,0,0,0,0,0
1216,88%,8/10,87%,"127,446",4.1/5,295,42
1217,82%,4/10,94%,"355,343",4/5,79,17
1218,98%,3/10,98%,"732,022",4.4/5,86,2
1219,98%,7/10,92%,987,4.5/5,106,2
1220,72%,2/10,95%,"1,243,857",4.1/5,66,26
1221,95%,2/10,96%,"825,430",4.1/5,71,4
1222,91%,2/10,95%,"1,355,431",4.1/5,208,20
1223,87%,2/10,81%,"58,211",4.1/5,344,51
1224,84%,7/10,88%,"18,357",4.2/5,144,27
1225,99%,8/10,90%,"1,149",4.3/5,177,2
1226,0,0,0,0,0,0,0
1227,0,0,0,0,0,0,0
1228,96%,3/10,89%,"390,605",4.3/5,307,13
1229,87%,8/10,90%,"1,210,158",4.3/5,307,47
1230,98%,3/10,95%,"1,304",4.7/5,112,2
1231,88%,6/10,85%,"33,323,891",3.6/5,126,18
1232,75%,7/10,93%,"45,065",4.3/5,91,31
1233,0,0,0,0,0,0,0
1234,97%,9/10,97%,"410,783",4.3/5,90,3
1235,91%,2/10,94%,"736,787",4.1/5,249,26
1236,88%,8/10,87%,"774,411",4/5,279,37
1237,91%,8/10,92%,"253,206",4.4/5,279,27
1238,0,0,0,0,0,0,0
1239,91%,3/10,91%,"1,069,586",3.6/5,112,11
1240,93%,9/10,90%,"90,900",4.3/5,350,26
1241,93%,7/10,86%,"34,679,279",3.7/5,252,18
1242,96%,7/10,95%,"845,930",4.1/5,85,4
1243,0,0,0,0,0,0,0
1244,95%,6/10,91%,"635,858",4.1/5,217,12
1245,97%,6/10,85%,"126,497",4.2/5,382,13
1246,84%,7/10,90%,"186,128",4.3/5,267,52
1247,91%,8/10,91%,"130,662",4.3/5,318,31
1248,96%,9/10,97%,"428,343",4.3/5,87,4
1249,,,87%,113,4.1/5,0,0
1250,30%,2/10,Average Rating:,591,N/A,6,14
1251,0,0,0,0,0,0,0
1252,25%,2/10,41%,"83,492",2.9/5,67,199
1253,60%,2/10,82%,"6,797",3.6/5,3,2
1254,20%,2/10,17%,"1,241",1.8/5,3,12
1255,0,0,0,0,0,0,0
1256,6%,4/10,26%,"6,229",2.3/5,2,33
1257,12%,1/10,37%,"5,434",2.6/5,21,151
1258,0,0,0,0,0,0,0
1259,,,28%,160,2.2/5,0,0
1260,0,0,0,0,0,0,0
1261,0,0,0,0,0,0,0
1262,11%,3/10,48%,"27,376",3/5,21,165
1263,15%,7/10,43%,"324,383",3.1/5,32,176
1264,0,0,0,0,0,0,0
1265,,,42%,"7,512",3.1/5,0,0
1266,,,24%,403,2.3/5,0,0
1267,7%,2/10,20%,"2,124",1.7/5,5,66
1268,92%,3/10,69%,"5,542",3.5/5,23,2
1269,0%,6/10,50%,45,2.9/5,0,16
1270,19%,7/10,16%,698,1.9/5,5,22
1271,11%,8/10,36%,"121,711",2.8/5,23,179
1272,11%,4/10,16%,274,1.9/5,5,40
1273,4%,2/10,24%,"35,457",2.1/5,3,80
1274,13%,7/10,29%,81,2.7/5,1,7
1275,0,0,0,0,0,0,0
1276,0,0,0,0,0,0,0
1277,9%,5/10,14%,603,1.6/5,2,21
1278,0,0,0,0,0,0,0
1279,27%,5/10,45%,"759,048",3.1/5,57,153
1280,12%,6/10,24%,"53,974",2.4/5,8,61
1281,13%,1/10,44%,41,2.9/5,1,7
1282,0,0,0,0,0,0,0
1283,,,26%,499,2.3/5,0,0
1284,23%,3/10,36%,"56,818",2.3/5,12,41
1285,17%,4/10,26%,"3,532",2.6/5,1,5
1286,0%,3/10,32%,"3,167",2.5/5,0,35
1287,5%,3/10,10%,136,1.5/5,1,20
1288,32%,5/10,23%,524,2.3/5,24,50
1289,,,52%,378,2.8/5,0,0
1290,16%,2/10,56%,"19,972",3.2/5,7,38
1291,0,0,0,0,0,0,0
1292,0,0,0,0,0,0,0
1293,,,27%,96,2.8/5,0,0
1294,20%,5/10,22%,"7,132",2.3/5,16,64
1295,10%,5/10,8%,"1,682",1.2/5,1,9
1296,0,0,0,0,0,0,0
1297,1%,8/10,19%,"128,802",2.2/5,1,72
1298,23%,5/10,34%,"4,554",2.7/5,13,44
1299,0%,6/10,33%,865,2.5/5,0,34
1300,62%,1/10,89%,"17,860",4.4/5,213,133
1301,96%,9/10,76%,"3,435",3.9/5,315,14
1302,90%,1/10,80%,"15,993",4.1/5,403,45
1303,81%,4/10,95%,"3,723",4.4/5,215,52
1304,0,0,0,0,0,0,0
1305,81%,7/10,94%,"2,267",4.6/5,40,9
1306,85%,6/10,91%,"51,037",4.5/5,349,63
1307,98%,2/10,0,"47,367",0,50,1
1308,70%,9/10,95%,322,4.7/5,7,3
1309,94%,6/10,94%,"1,830,714",4.4/5,312,20
1310,91%,2/10,98%,"884,696",4.4/5,61,6
1311,71%,7/10,85%,"173,373",4.1/5,243,97
1312,91%,4/10,86%,"21,574",4.2/5,333,33
1313,86%,1/10,91%,"569,017",4.2/5,298,47
1314,94%,1/10,96%,"1,125,719",4.2/5,78,5
1315,0,0,0,0,0,0,0
1316,88%,8/10,87%,"127,446",4.1/5,295,42
1317,82%,4/10,94%,"355,343",4/5,79,17
1318,98%,3/10,98%,"732,022",4.4/5,86,2
1319,98%,7/10,92%,987,4.5/5,106,2
1320,72%,2/10,95%,"1,243,857",4.1/5,66,26
1321,95%,2/10,96%,"825,430",4.1/5,71,4
1322,91%,2/10,95%,"1,355,431",4.1/5,208,20
1323,87%,2/10,81%,"58,211",4.1/5,344,51
1324,84%,7/10,88%,"18,357",4.2/5,144,27
1325,99%,8/10,90%,"1,149",4.3/5,177,2
1326,0,0,0,0,0,0,0
1327,0,0,0,0,0,0,0
1328,96%,3/10,89%,"390,605",4.3/5,307,13
1329,87%,8/10,90%,"1,210,158",4.3/5,307,47
1330,98%,3/10,95%,"1,304",4.7/5,112,2
1331,88%,6/10,85%,"33,323,891",3.6/5,126,18
1332,75%,7/10,93%,"45,065",4.3/5,91,31
1333,0,0,0,0,0,0,0
1334,97%,9/10,97%,"410,783",4.3/5,90,3
1335,91%,2/10,94%,"736,787",4.1/5,249,26
1336,88%,8/10,87%,"774,411",4/5,279,37
1337,91%,8/10,92%,"253,206",4.4/5,279,27
1338,0,0,0,0,0,0,0
1339,91%,3/10,91%,"1,069,586",3.6/5,112,11
1340,93%,9/10,90%,"90,900",4.3/5,350,26
1341,93%,7/10,86%,"34,679,279",3.7/5,252,18
1342,96%,7/10,95%,"845,930",4.1/5,85,4
1343,0,0,0,0,0,0,0
1344,95%,6/10,91%,"635,858",4.1/5,217,12
1345,97%,6/10,85%,"126,497",4.2/5,382,13
1346,84%,7/10,90%,"186,128",4.3/5,267,52
1347,91%,8/10,91%,"130,662",4.3/5,318,31
1348,96%,9/10,97%,"428,343",4.3/5,87,4
1349,,,87%,113,4.1/5,0,0
1350,30%,2/10,Average Rating:,591,N/A,6,14
1351,0,0,0,0,0,0,0
1352,25%,2/10,41%,"83,492",2.9/5,67,199
1353,60%,2/10,82%,"6,797",3.6/5,3,2
1354,20%,2/10,17%,"1,241",1.8/5,3,12
1355,0,0,0,0,0,0,0
1356,6%,4/10,26%,"6,229",2.3/5,2,33
1357,12%,1/10,37%,"5,434",2.6/5,21,151
1358,0,0,0,0,0,0,0
1359,,,28%,160,2.2/5,0,0
1360,0,0,0,0,0,0,0
1361,0,0,0,0,0,0,0
1362,11%,3/10,48%,"27,376",3/5,21,165
1363,15%,7/10,43%,"324,383",3.1/5,32,176
1364,0,0,0,0,0,0,0
1365,,,42%,"7,512",3.1/5,0,0
1366,,,24%,403,2.3/5,0,0
1367,7%,2/10,20%,"2,124",1.7/5,5,66
1368,92%,3/10,69%,"5,542",3.5/5,23,2
1369,0%,6/10,50%,45,2.9/5,0,16
1370,19%,7/10,16%,698,1.9/5,5,22
1371,11%,8/10,36%,"121,711",2.8/5,23,179
1372,11%,4/10,16%,274,1.9/5,5,40
1373,4%,2/10,24%,"35,457",2.1/5,3,80
1374,13%,7/10,29%,81,2.7/5,1,7
1375,0,0,0,0,0,0,0
1376,0,0,0,0,0,0,0
1377,9%,5/10,14%,603,1.6/5,2,21
1378,0,0,0,0,0,0,0
1379,27%,5/10,45%,"759,048",3.1/5,57,153
1380,12%,6/10,24%,"53,974",2.4/5,8,61
1381,13%,1/10,44%,41,2.9/5,1,7
1382,0,0,0,0,0,0,0
1383,,,26%,499,2.3/5,0,0
1384,23%,3/10,36%,"56,818",2.3/5,12,41
1385,17%,4/10,26%,"3,532",2.6/5,1,5
1386,0%,3/10,32%,"3,167",2.5/5,0,35
1387,5%,3/10,10%,136,1.5/5,1,20
1388,32%,5/10,23%,524,2.3/5,24,50
1389,,,52%,378,2.8/5,0,0
1390,16%,2/10,56%,"19,972",3.2/5,7,38
1391,0,0,0,0,0,0,0
1392,0,0,0,0,0,0,0
1393,,,27%,96,2.8/5,0,0
1394,20%,5/10,22%,"7,132",2.3/5,16,64
1395,10%,5/10,8%,"1,682",1.2/5,1,9
1396,0,0,0,0,0,0,0
1397,1%,8/10,19%,"128,802",2.2/5,1,72
1398,23%,5/10,34%,"4,554",2.7/5,13,44
1399,0%,6/10,33%,865,2.5/5,0,34
1400,62%,1/10,89%,"17,860",4.4/5,213,133
1401,96%,9/10,76%,"3,435",3.9/5,315,14
1402,90%,1/10,80%,"15,993",4.1/5,403,45
1403,81%,4/10,95%,"3,723",4.4/5,215,52
1404,0,0,0,0,0,0,0
1405,81%,7/10,94%,"2,267",4.6/5,40,9
1406,85%,6/10,91%,"51,037",4.5/5,349,63
1407,98%,2/10,0,"47,367",0,50,1
1408,70%,9/10,95%,322,4.7/5,7,3
1409,94%,6/10,94%,"1,830,714",4.4/5,312,20
1410,91%,2/10,98%,"884,696",4.4/5,61,6
1411,71%,7/10,85%,"173,373",4.1/5,243,97
1412,91%,4/10,86%,"21,574",4.2/5,333,33
1413,86%,1/10,91%,"569,017",4.2/5,298,47
1414,94%,1/10,96%,"1,125,719",4.2/5,78,5
1415,0,0,0,0,0,0,0
1416,88%,8/10,87%,"127,446",4.1/5,295,42
1417,82%,4/10,94%,"355,343",4/5,79,17
1418,98%,3/10,98%,"732,022",4.4/5,86,2
1419,98%,7/10,92%,987,4.5/5,106,2
1420,72%,2/10,95%,"1,243,857",4.1/5,66,26
1421,95%,2/10,96%,"825,430",4.1/5,71,4
1422,91%,2/10,95%,"1,355,431",4.1/5,208,20
1423,87%,2/10,81%,"58,211",4.1/5,344,51
1424,84%,7/10,88%,"18,357",4.2/5,144,27
1425,99%,8/10,90%,"1,149",4.3/5,177,2
1426,0,0,0,0,0,0,0
1427,0,0,0,0,0,0,0
1428,96%,3/10,89%,"390,605",4.3/5,307,13
1429,87%,8/10,90%,"1,210,158",4.3/5,307,47
1430,98%,3/10,95%,"1,304",4.7/5,112,2
1431,88%,6/10,85%,"33,323,891",3.6/5,126,18
1432,75%,7/10,93%,"45,065",4.3/5,91,31
1433,0,0,0,0,0,0,0
1434,97%,9/10,97%,"410,783",4.3/5,90,3
1435,91%,2/10,94%,"736,787",4.1/5,249,26
1436,88%,8/10,87%,"774,411",4/5,279,37
1437,91%,8/10,92%,"253,206",4.4/5,279,27
1438,0,0,0,0,0,0,0
1439,91%,3/10,91%,"1,069,586",3.6/5,112,11
1440,93%,9/10,90%,"90,900",4.3/5,350,26
1441,93%,7/10,86%,"34,679,279",3.7/5,252,18
1442,96%,7/10,95%,"845,930",4.1/5,85,4
1443,0,0,0,0,0,0,0
1444,95%,6/10,91%,"635,858",4.1/5,217,12
1445,97%,6/10,85%,"126,497",4.2/5,382,13
1446,84%,7/10,90%,"186,128",4.3/5,267,52
1447,91%,8/10,91%,"130,662",4.3/5,318,31
1448,96%,9/10,97%,"428,343",4.3/5,87,4
1449,,,87%,113,4.1/5,0,0
1450,30%,2/10,Average Rating:,591,N/A,6,14
1451,0,0,0,0,0,0,0
1452,25%,2/10,41%,"83,492",2.9/5,67,199
1453,60%,2/10,82%,"6,797",3.6/5,3,2
1454,20%,2/10,17%,"1,241",1.8/5,3,12
1455,0,0,0,0,0,0,0
1456,6%,4/10,26%,"6,229",2.3/5,2,33
1457,12%,1/10,37%,"5,434",2.6/5,21,151
1458,0,0,0,0,0,0,0
1459,,,28%,160,2.2/5,0,0
1460,0,0,0,0,0,0,0
1461,0,0,0,0,0,0,0
1462,11%,3/10,48%,"27,376",3/5,21,165
1463,15%,7/10,43%,"324,383",3.1/5,32,176
1464,0,0,0,0,0,0,0
1465,,,42%,"7,512",3.1/5,0,0
1466,,,24%,403,2.3/5,0,0
1467,7%,2/10,20%,"2,124",1.7/5,5,66
1468,92%,3/10,69%,"5,542",3.5/5,23,2
1469,0%,6/10,50%,45,2.9/5,0,16
1470,19%,7/10,16%,698,1.9/5,5,22
1471,11%,8/10,36%,"121,711",2.8/5,23,179
1472,11%,4/10,16%,274,1.9/5,5,40
1473,4%,2/10,24%,"35,457",2.1/5,3,80
1474,13%,7/10,29%,81,2.7/5,1,7
1475,0,0,0,0,0,0,0
1476,0,0,0,0,0,0,0
1477,9%,5/10,14%,603,1.6/5,2,21
1478,0,0,0,0,0,0,0
1479,27%,5/10,45%,"759,048",3.1/5,57,153
1480,12%,6/10,24%,"53,974",2.4/5,8,61
1481,13%,1/10,44%,41,2.9/5,1,7
1482,0,0,0,0,0,0,0
1483,,,26%,499,2.3/5,0,0
1484,23%,3/10,36%,"56,818",2.3/5,12,41
1485,17%,4/10,26%,"3,532",2.6/5,1,5
1486,0%,3/10,32%,"3,167",2.5/5,0,35
1487,5%,3/10,10%,136,1.5/5,1,20
1488,32%,5/10,23%,524,2.3/5,24,50
1489,,,52%,378,2.8/5,0,0
1490,16%,2/10,56%,"19,972",3.2/5,7,38
1491,0,0,0,0,0,0,0
1492,0,0,0,0,0,0,0
1493,,,27%,96,2.8/5,0,0
1494,20%,5/10,22%,"7,132",2.3/5,16,64
1495,10%,5/10,8%,"1,682",1.2/5,1,9
1496,0,0,0,0,0,0,0
1497,1%,8/10,19%,"128,802",2.2/5,1,72
1498,23%,5/10,34%,"4,554",2.7/5,13,44
1499,0%,6/10,33%,865,2.5/5,0,34
1500,62%,1/10,89%,"17,860",4.4/5,213,133
1501,96%,9/10,76%,"3,435",3.9/5,315,14
1502,90%,1/10,80%,"15,993",4.1/5,403,45
1503,81%,4/10,95%,"3,723",4.4/5,215,52
1504,0,0,0,0,0,0,0
1505,81%,7/10,94%,"2,267",4.6/5,40,9
1506,85%,6/10,91%,"51,037",4.5/5,349,63
1507,98%,2/10,0,"47,367",0,50,1
1508,70%,9/10,95%,322,4.7/5,7,3
1509,94%,6/10,94%,"1,830,714",4.4/5,312,20
1510,91%,2/10,98%,"884,696",4.4/5,61,6
1511,71%,7/10,85%,"173,373",4.1/5,243,97
1512,91%,4/10,86%,"21,574",4.2/5,333,33
1513,86%,1/10,91%,"569,017",4.2/5,298,47
1514,94%,1/10,96%,"1,125,719",4.2/5,78,5
1515,0,0,0,0,0,0,0
1516,88%,8/10,87%,"127,446",4.1/5,295,42
1517,82%,4/10,94%,"355,343",4/5,79,17
1518,98%,3/10,98%,"732,022",4.4/5,86,2
1519,98%,7/10,92%,987,4.5/5,106,2
1520,72%,2/10,95%,"1,243,857",4.1/5,66,26
1521,95%,2/10,96%,"825,430",4.1/5,71,4
1522,91%,2/10,95%,"1,355,431",4.1/5,208,20
1523,87%,2/10,81%,"58,211",4.1/5,344,51
1524,84%,7/10,88%,"18,357",4.2/5,144,27
1525,99%,8/10,90%,"1,149",4.3/5,177,2
1526,0,0,0,0,0,0,0
1527,0,0,0,0,0,0,0
1528,96%,3/10,89%,"390,605",4.3/5,307,13
1529,87%,8/10,90%,"1,210,158",4.3/5,307,47
1530,98%,3/10,95%,"1,304",4.7/5,112,2
1531,88%,6/10,85%,"33,323,891",3.6/5,126,18
1532,75%,7/10,93%,"45,065",4.3/5,91,31
1533,0,0,0,0,0,0,0
1534,97%,9/10,97%,"410,783",4.3/5,90,3
1535,91%,2/10,94%,"736,787",4.1/5,249,26
1536,88%,8/10,87%,"774,411",4/5,279,37
1537,91%,8/10,92%,"253,206",4.4/5,279,27
1538,0,0,0,0,0,0,0
1539,91%,3/10,91%,"1,069,586",3.6/5,112,11
1540,93%,9/10,90%,"90,900",4.3/5,350,26
1541,93%,7/10,86%,"34,679,279",3.7/5,252,18
1542,96%,7/10,95%,"845,930",4.1/5,85,4
1543,0,0,0,0,0,0,0
1544,95%,6/10,91%,"635,858",4.1/5,217,12
1545,97%,6/10,85%,"126,497",4.2/5,382,13
1546,84%,7/10,90%,"186,128",4.3/5,267,52
1547,91%,8/10,91%,"130,662",4.3/5,318,31
1548,96%,9/10,97%,"428,343",4.3/5,87,4
1549,,,87%,113,4.1/5,0,0
1550,30%,2/10,Average Rating:,591,N/A,6,14
1551,0,0,0,0,0,0,0
1552,25%,2/10,41%,"83,492",2.9/5,67,199
1553,60%,2/10,82%,"6,797",3.6/5,3,2
1554,20%,2/10,17%,"1,241",1.8/5,3,12
1555,0,0,0,0,0,0,0
1556,6%,4/10,26%,"6,229",2.3/5,2,33
1557,12%,1/10,37%,"5,434",2.6/5,21,151
1558,0,0,0,0,0,0,0
1559,,,28%,160,2.2/5,0,0
1560,0,0,0,0,0,0,0
1561,0,0,0,0,0,0,0
1562,11%,3/10,48%,"27,376",3/5,21,165
1563,15%,7/10,43%,"324,383",3.1/5,32,176
1564,0,0,0,0,0,0,0
1565,,,42%,"7,512",3.1/5,0,0
1566,,,24%,403,2.3/5,0,0
1567,7%,2/10,20%,"2,124",1.7/5,5,66
1568,92%,3/10,69%,"5,542",3.5/5,23,2
1569,0%,6/10,50%,45,2.9/5,0,16
1570,19%,7/10,16%,698,1.9/5,5,22
1571,11%,8/10,36%,"121,711",2.8/5,23,179
1572,11%,4/10,16%,274,1.9/5,5,40
1573,4%,2/10,24%,"35,457",2.1/5,3,80
1574,13%,7/10,29%,81,2.7/5,1,7
1575,0,0,0,0,0,0,0
1576,0,0,0,0,0,0,0
1577,9%,5/10,14%,603,1.6/5,2,21
1578,0,0,0,0,0,0,0
1579,27%,5/10,45%,"759,048",3.1/5,57,153
1580,12%,6/10,24%,"53,974",2.4/5,8,61
1581,13%,1/10,44%,41,2.9/5,1,7
1582,0,0,0,0,0,0,0
1583,,,26%,499,2.3/5,0,0
1584,23%,3/10,36%,"56,818",2.3/5,12,41
1585,17%,4/10,26%,"3,532",2.6/5,1,5
1586,0%,3/10,32%,"3,167",2.5/5,0,35
1587,5%,3/10,10%,136,1.5/5,1,20
1588,32%,5/10,23%,524,2.3/5,24,50
1589,,,52%,378,2.8/5,0,0
1590,16%,2/10,56%,"19,972",3.2/5,7,38
1591,0,0,0,0,0,0,0
1592,0,0,0,0,0,0,0
1593,,,27%,96,2.8/5,0,0
1594,20%,5/10,22%,"7,132",2.3/5,16,64
1595,10%,5/10,8%,"1,682",1.2/5,1,9
1596,0,0,0,0,0,0,0
1597,1%,8/10,19%,"128,802",2.2/5,1,72
1598,23%,5/10,34%,"4,554",2.7/5,13,44
1599,0%,6/10,33%,865,2.5/5,0,34
1600,62%,1/10,89%,"17,860",4.4/5,213,133
1601,96%,9/10,76%,"3,436",3.9/5,315,14
1602,90%,1/10,80%,"15,993",4.1/5,403,45
1603,81%,4/10,95%,"3,723",4.4/5,215,52
1604,0,0,0,0,0,0,0
1605,81%,7/10,94%,"2,267",4.6/5,40,9
1606,85%,6/10,91%,"51,037",4.5/5,349,63
1607,98%,2/10,0,"47,367",0,50,1
1608,70%,9/10,95%,322,4.7/5,7,3
1609,94%,6/10,94%,"1,830,714",4.4/5,312,20
1610,91%,2/10,98%,"884,696",4.4/5,61,6
1611,71%,7/10,85%,"173,373",4.1/5,243,97
1612,91%,4/10,86%,"21,574",4.2/5,333,33
1613,86%,1/10,91%,"569,017",4.2/5,298,47
1614,94%,1/10,96%,"1,125,719",4.2/5,78,5
1615,0,0,0,0,0,0,0
1616,88%,8/10,87%,"127,446",4.1/5,295,42
1617,82%,4/10,94%,"355,343",4/5,79,17
1618,98%,3/10,98%,"732,022",4.4/5,86,2
1619,98%,7/10,92%,987,4.5/5,106,2
1620,72%,2/10,95%,"1,243,857",4.1/5,66,26
1621,95%,2/10,96%,"825,430",4.1/5,71,4
1622,91%,2/10,95%,"1,355,431",4.1/5,208,20
1623,87%,2/10,81%,"58,211",4.1/5,344,51
1624,84%,7/10,88%,"18,357",4.2/5,144,27
1625,99%,8/10,90%,"1,149",4.3/5,177,2
1626,0,0,0,0,0,0,0
1627,0,0,0,0,0,0,0
1628,96%,3/10,89%,"390,605",4.3/5,307,13
1629,87%,8/10,90%,"1,210,158",4.3/5,307,47
1630,98%,3/10,95%,"1,304",4.7/5,112,2
1631,88%,6/10,85%,"33,323,891",3.6/5,126,18
1632,75%,7/10,93%,"45,065",4.3/5,91,31
1633,0,0,0,0,0,0,0
1634,97%,9/10,97%,"410,783",4.3/5,90,3
1635,91%,2/10,94%,"736,787",4.1/5,249,26
1636,88%,8/10,87%,"774,411",4/5,279,37
1637,91%,8/10,92%,"253,206",4.4/5,279,27
1638,0,0,0,0,0,0,0
1639,91%,3/10,91%,"1,069,586",3.6/5,112,11
1640,93%,9/10,90%,"90,900",4.3/5,350,26
1641,93%,7/10,86%,"34,679,279",3.7/5,252,18
1642,96%,7/10,95%,"845,930",4.1/5,85,4
1643,0,0,0,0,0,0,0
1644,95%,6/10,91%,"635,858",4.1/5,217,12
1645,97%,6/10,85%,"126,497",4.2/5,382,13
1646,84%,7/10,90%,"186,128",4.3/5,267,52
1647,91%,8/10,91%,"130,662",4.3/5,318,31
1648,96%,9/10,97%,"428,343",4.3/5,87,4
1649,,,87%,113,4.1/5,0,0
1650,30%,2/10,Average Rating:,591,N/A,6,14
1651,0,0,0,0,0,0,0
1652,25%,2/10,41%,"83,492",2.9/5,67,199
1653,60%,2/10,82%,"6,797",3.6/5,3,2
1654,20%,2/10,17%,"1,241",1.8/5,3,12
1655,0,0,0,0,0,0,0
1656,6%,4/10,26%,"6,229",2.3/5,2,33
1657,12%,1/10,37%,"5,434",2.6/5,21,151
1658,0,0,0,0,0,0,0
1659,,,28%,160,2.2/5,0,0
1660,0,0,0,0,0,0,0
1661,0,0,0,0,0,0,0
1662,11%,3/10,48%,"27,376",3/5,21,165
1663,15%,7/10,43%,"324,383",3.1/5,32,176
1664,0,0,0,0,0,0,0
1665,,,42%,"7,512",3.1/5,0,0
1666,,,24%,403,2.3/5,0,0
1667,7%,2/10,20%,"2,124",1.7/5,5,66
1668,92%,3/10,69%,"5,542",3.5/5,23,2
1669,0%,6/10,50%,45,2.9/5,0,16
1670,19%,7/10,16%,698,1.9/5,5,22
1671,11%,8/10,36%,"121,711",2.8/5,23,179
1672,11%,4/10,16%,274,1.9/5,5,40
1673,4%,2/10,24%,"35,457",2.1/5,3,80
1674,13%,7/10,29%,81,2.7/5,1,7
1675,0,0,0,0,0,0,0
1676,0,0,0,0,0,0,0
1677,9%,5/10,14%,603,1.6/5,2,21
1678,0,0,0,0,0,0,0
1679,27%,5/10,45%,"759,048",3.1/5,57,153
1680,12%,6/10,24%,"53,974",2.4/5,8,61
1681,13%,1/10,44%,41,2.9/5,1,7
1682,0,0,0,0,0,0,0
1683,,,26%,499,2.3/5,0,0
1684,23%,3/10,36%,"56,818",2.3/5,12,41
1685,17%,4/10,26%,"3,532",2.6/5,1,5
1686,0%,3/10,32%,"3,167",2.5/5,0,35
1687,5%,3/10,10%,136,1.5/5,1,20
1688,32%,5/10,23%,524,2.3/5,24,50
1689,,,52%,378,2.8/5,0,0
1690,16%,2/10,56%,"19,972",3.2/5,7,38
1691,0,0,0,0,0,0,0
1692,0,0,0,0,0,0,0
1693,,,27%,96,2.8/5,0,0
1694,20%,5/10,22%,"7,132",2.3/5,16,64
1695,10%,5/10,8%,"1,682",1.2/5,1,9
1696,0,0,0,0,0,0,0
1697,1%,8/10,19%,"128,802",2.2/5,1,72
1698,23%,5/10,34%,"4,554",2.7/5,13,44
1699,0%,6/10,33%,865,2.5/5,0,34
1700,62%,1/10,89%,"17,861",4.4/5,213,133
1701,96%,9/10,76%,"3,436",3.9/5,315,14
1702,90%,1/10,80%,"15,993",4.1/5,403,45
1703,81%,4/10,95%,"3,724",4.4/5,215,52
1704,0,0,0,0,0,0,0
1705,81%,7/10,94%,"2,269",4.6/5,40,9
1706,85%,6/10,91%,"51,037",4.5/5,349,63
1707,98%,2/10,0,"47,367",0,50,1
1708,70%,9/10,95%,322,4.7/5,7,3
1709,94%,6/10,94%,"1,830,714",4.4/5,312,20
1710,91%,2/10,98%,"884,696",4.4/5,61,6
1711,71%,7/10,85%,"173,373",4.1/5,243,97
1712,91%,4/10,86%,"21,574",4.2/5,333,33
1713,86%,1/10,91%,"569,017",4.2/5,298,47
1714,94%,1/10,96%,"1,125,719",4.2/5,78,5
1715,0,0,0,0,0,0,0
1716,88%,8/10,87%,"127,446",4.1/5,295,42
1717,82%,4/10,94%,"355,343",4/5,79,17
1718,98%,3/10,98%,"732,022",4.4/5,86,2
1719,98%,7/10,92%,987,4.5/5,106,2
1720,72%,2/10,95%,"1,243,857",4.1/5,66,26
1721,95%,2/10,96%,"825,430",4.1/5,71,4
1722,91%,2/10,95%,"1,355,431",4.1/5,208,20
1723,87%,2/10,81%,"58,211",4.1/5,344,51
1724,84%,7/10,88%,"18,357",4.2/5,144,27
1725,99%,8/10,90%,"1,149",4.3/5,177,2
1726,0,0,0,0,0,0,0
1727,0,0,0,0,0,0,0
1728,96%,3/10,89%,"390,605",4.3/5,307,13
1729,87%,8/10,90%,"1,210,158",4.3/5,307,47
1730,98%,3/10,95%,"1,304",4.7/5,112,2
1731,88%,6/10,85%,"33,323,891",3.6/5,126,18
1732,75%,7/10,93%,"45,065",4.3/5,91,31
1733,0,0,0,0,0,0,0
1734,97%,9/10,97%,"410,783",4.3/5,90,3
1735,91%,2/10,94%,"736,787",4.1/5,249,26
1736,88%,8/10,87%,"774,411",4/5,279,37
1737,91%,8/10,92%,"253,206",4.4/5,279,27
1738,0,0,0,0,0,0,0
1739,91%,3/10,91%,"1,069,586",3.6/5,112,11
1740,93%,9/10,90%,"90,900",4.3/5,350,26
1741,93%,7/10,86%,"34,679,279",3.7/5,252,18
1742,96%,7/10,95%,"845,930",4.1/5,85,4
1743,0,0,0,0,0,0,0
1744,95%,6/10,91%,"635,858",4.1/5,217,12
1745,97%,6/10,85%,"126,497",4.2/5,382,13
1746,84%,7/10,90%,"186,128",4.3/5,267,52
1747,91%,8/10,91%,"130,662",4.3/5,318,31
1748,96%,9/10,97%,"428,343",4.3/5,87,4
1749,,,87%,113,4.1/5,0,0
1750,30%,2/10,Average Rating:,591,N/A,6,14
1751,0,0,0,0,0,0,0
1752,25%,2/10,41%,"83,492",2.9/5,67,199
1753,60%,2/10,82%,"6,797",3.6/5,3,2
1754,20%,2/10,17%,"1,241",1.8/5,3,12
1755,0,0,0,0,0,0,0
1756,6%,4/10,26%,"6,229",2.3/5,2,33
1757,12%,1/10,37%,"5,434",2.6/5,21,151
1758,0,0,0,0,0,0,0
1759,,,28%,160,2.2/5,0,0
1760,0,0,0,0,0,0,0
1761,0,0,0,0,0,0,0
1762,11%,3/10,48%,"27,376",3/5,21,165
1763,15%,7/10,43%,"324,383",3.1/5,32,176
1764,0,0,0,0,0,0,0
1765,,,42%,"7,512",3.1/5,0,0
1766,,,24%,403,2.3/5,0,0
1767,7%,2/10,20%,"2,124",1.7/5,5,66
1768,92%,3/10,69%,"5,542",3.5/5,23,2
1769,0%,6/10,50%,45,2.9/5,0,16
1770,19%,7/10,16%,698,1.9/5,5,22
1771,11%,8/10,36%,"121,711",2.8/5,23,179
1772,11%,4/10,16%,274,1.9/5,5,40
1773,4%,2/10,24%,"35,457",2.1/5,3,80
1774,13%,7/10,29%,81,2.7/5,1,7
1775,0,0,0,0,0,0,0
1776,0,0,0,0,0,0,0
1777,9%,5/10,14%,603,1.6/5,2,21
1778,0,0,0,0,0,0,0
1779,27%,5/10,45%,"759,048",3.1/5,57,153
1780,12%,6/10,24%,"53,974",2.4/5,8,61
1781,13%,1/10,44%,41,2.9/5,1,7
1782,0,0,0,0,0,0,0
1783,,,26%,499,2.3/5,0,0
1784,23%,3/10,36%,"56,818",2.3/5,12,41
1785,17%,4/10,26%,"3,532",2.6/5,1,5
1786,0%,3/10,32%,"3,167",2.5/5,0,35
1787,5%,3/10,10%,136,1.5/5,1,20
1788,32%,5/10,23%,524,2.3/5,24,50
1789,,,52%,378,2.8/5,0,0
1790,16%,2/10,56%,"19,972",3.2/5,7,38
1791,0,0,0,0,0,0,0
1792,0,0,0,0,0,0,0
1793,,,27%,96,2.8/5,0,0
1794,20%,5/10,22%,"7,132",2.3/5,16,64
1795,10%,5/10,8%,"1,682",1.2/5,1,9
1796,0,0,0,0,0,0,0
1797,1%,8/10,19%,"128,802",2.2/5,1,72
1798,23%,5/10,34%,"4,554",2.7/5,13,44
1799,0%,6/10,33%,865,2.5/5,0,34
1800,62%,1/10,89%,"17,861",4.4/5,213,133
1801,96%,9/10,76%,"3,436",3.9/5,315,14
1802,90%,1/10,80%,"15,993",4.1/5,403,45
1803,81%,4/10,95%,"3,724",4.4/5,215,52
1804,0,0,0,0,0,0,0
1805,81%,7/10,94%,"2,269",4.6/5,40,9
1806,85%,6/10,91%,"51,037",4.5/5,349,63
1807,98%,2/10,0,"47,367",0,50,1
1808,70%,9/10,95%,322,4.7/5,7,3
1809,94%,6/10,94%,"1,830,714",4.4/5,312,20
1810,91%,2/10,98%,"884,696",4.4/5,61,6
1811,71%,7/10,85%,"173,373",4.1/5,243,97
1812,91%,4/10,86%,"21,574",4.2/5,333,33
1813,86%,1/10,91%,"569,017",4.2/5,298,47
1814,94%,1/10,96%,"1,125,719",4.2/5,78,5
1815,0,0,0,0,0,0,0
1816,88%,8/10,87%,"127,446",4.1/5,295,42
1817,82%,4/10,94%,"355,343",4/5,79,17
1818,98%,3/10,98%,"732,022",4.4/5,86,2
1819,98%,7/10,93%,987,4.5/5,106,2
1820,72%,2/10,95%,"1,243,857",4.1/5,66,26
1821,95%,2/10,96%,"825,430",4.1/5,71,4
1822,91%,2/10,95%,"1,355,431",4.1/5,208,20
1823,87%,2/10,81%,"58,211",4.1/5,344,51
1824,84%,7/10,88%,"18,357",4.2/5,144,27
1825,99%,8/10,90%,"1,149",4.3/5,177,2
1826,0,0,0,0,0,0,0
1827,0,0,0,0,0,0,0
1828,96%,3/10,89%,"390,605",4.3/5,307,13
1829,87%,8/10,90%,"1,210,158",4.3/5,307,47
1830,98%,3/10,95%,"1,304",4.7/5,112,2
1831,88%,6/10,85%,"33,323,891",3.6/5,126,18
1832,75%,7/10,93%,"45,065",4.3/5,91,31
1833,0,0,0,0,0,0,0
1834,97%,9/10,97%,"410,783",4.3/5,90,3
1835,91%,2/10,94%,"736,787",4.1/5,249,26
1836,88%,8/10,87%,"774,411",4/5,279,37
1837,91%,8/10,92%,"253,206",4.4/5,279,27
1838,0,0,0,0,0,0,0
1839,91%,3/10,91%,"1,069,586",3.6/5,112,11
1840,93%,9/10,90%,"90,900",4.3/5,350,26
1841,93%,7/10,86%,"34,679,279",3.7/5,252,18
1842,96%,7/10,95%,"845,930",4.1/5,85,4
1843,0,0,0,0,0,0,0
1844,95%,6/10,91%,"635,858",4.1/5,217,12
1845,97%,6/10,85%,"126,497",4.2/5,382,13
1846,84%,7/10,90%,"186,128",4.3/5,267,52
1847,91%,8/10,91%,"130,662",4.3/5,318,31
1848,96%,9/10,97%,"428,343",4.3/5,87,4
1849,,,87%,113,4.1/5,0,0
1850,30%,2/10,Average Rating:,591,N/A,6,14
1851,0,0,0,0,0,0,0
1852,25%,2/10,41%,"83,492",2.9/5,67,199
1853,60%,2/10,82%,"6,797",3.6/5,3,2
1854,20%,2/10,17%,"1,241",1.8/5,3,12
1855,0,0,0,0,0,0,0
1856,6%,4/10,26%,"6,229",2.3/5,2,33
1857,12%,1/10,37%,"5,434",2.6/5,21,151
1858,0,0,0,0,0,0,0
1859,,,28%,160,2.2/5,0,0
1860,0,0,0,0,0,0,0
1861,0,0,0,0,0,0,0
1862,11%,3/10,48%,"27,376",3/5,21,165
1863,15%,7/10,43%,"324,383",3.1/5,32,176
1864,0,0,0,0,0,0,0
1865,,,42%,"7,512",3.1/5,0,0
1866,,,24%,403,2.3/5,0,0
1867,7%,2/10,20%,"2,124",1.7/5,5,66
1868,92%,3/10,69%,"5,542",3.5/5,23,2
1869,0%,6/10,50%,45,2.9/5,0,16
1870,19%,7/10,16%,698,1.9/5,5,22
1871,11%,8/10,36%,"121,711",2.8/5,23,179
1872,11%,4/10,16%,274,1.9/5,5,40
1873,4%,2/10,24%,"35,457",2.1/5,3,80
1874,13%,7/10,29%,81,2.7/5,1,7
1875,0,0,0,0,0,0,0
1876,0,0,0,0,0,0,0
1877,9%,5/10,14%,603,1.6/5,2,21
1878,0,0,0,0,0,0,0
1879,27%,5/10,45%,"759,048",3.1/5,57,153
1880,12%,6/10,24%,"53,974",2.4/5,8,61
1881,13%,1/10,44%,41,2.9/5,1,7
1882,0,0,0,0,0,0,0
1883,,,26%,499,2.3/5,0,0
1884,23%,3/10,36%,"56,818",2.3/5,12,41
1885,17%,4/10,26%,"3,532",2.6/5,1,5
1886,0%,3/10,32%,"3,167",2.5/5,0,35
1887,5%,3/10,10%,136,1.5/5,1,20
1888,32%,5/10,23%,524,2.3/5,24,50
1889,,,52%,378,2.8/5,0,0
1890,16%,2/10,56%,"19,972",3.2/5,7,38
1891,0,0,0,0,0,0,0
1892,0,0,0,0,0,0,0
1893,,,27%,96,2.8/5,0,0
1894,20%,5/10,22%,"7,132",2.3/5,16,64
1895,10%,5/10,8%,"1,682",1.2/5,1,9
1896,0,0,0,0,0,0,0
1897,1%,8/10,19%,"128,802",2.2/5,1,72
1898,23%,5/10,34%,"4,554",2.7/5,13,44
1899,0%,6/10,33%,865,2.5/5,0,34
1900,62%,1/10,89%,"17,861",4.4/5,213,133
1901,96%,9/10,76%,"3,436",3.9/5,315,14
1902,90%,1/10,80%,"15,993",4.1/5,403,45
1903,81%,4/10,95%,"3,724",4.4/5,215,52
1904,0,0,0,0,0,0,0
1905,81%,7/10,94%,"2,269",4.6/5,40,9
1906,85%,6/10,91%,"51,037",4.5/5,349,63
1907,98%,2/10,0,"47,367",0,50,1
1908,70%,9/10,95%,322,4.7/5,7,3
1909,94%,6/10,94%,"1,830,714",4.4/5,312,20
1910,91%,2/10,98%,"884,696",4.4/5,61,6
1911,71%,7/10,85%,"173,373",4.1/5,243,97
1912,91%,4/10,86%,"21,574",4.2/5,333,33
1913,86%,1/10,91%,"569,017",4.2/5,298,47
1914,94%,1/10,96%,"1,125,719",4.2/5,78,5
1915,0,0,0,0,0,0,0
1916,88%,8/10,87%,"127,446",4.1/5,295,42
1917,82%,4/10,94%,"355,343",4/5,79,17
1918,98%,3/10,98%,"732,022",4.4/5,86,2
1919,98%,7/10,93%,987,4.5/5,106,2
1920,72%,2/10,95%,"1,243,857",4.1/5,66,26
1921,95%,2/10,96%,"825,430",4.1/5,71,4
1922,91%,2/10,95%,"1,355,431",4.1/5,208,20
1923,87%,2/10,81%,"58,211",4.1/5,344,51
1924,84%,7/10,88%,"18,357",4.2/5,144,27
1925,99%,8/10,90%,"1,149",4.3/5,177,2
1926,0,0,0,0,0,0,0
1927,0,0,0,0,0,0,0
1928,96%,3/10,89%,"390,605",4.3/5,307,13
1929,87%,8/10,90%,"1,210,158",4.3/5,307,47
1930,98%,3/10,95%,"1,304",4.7/5,112,2
1931,88%,6/10,85%,"33,323,891",3.6/5,126,18
1932,75%,7/10,93%,"45,065",4.3/5,91,31
1933,0,0,0,0,0,0,0
1934,97%,9/10,97%,"410,783",4.3/5,90,3
1935,91%,2/10,94%,"736,787",4.1/5,249,26
1936,88%,8/10,87%,"774,411",4/5,279,37
1937,91%,8/10,92%,"253,206",4.4/5,279,27
1938,0,0,0,0,0,0,0
1939,91%,3/10,91%,"1,069,586",3.6/5,112,11
1940,93%,9/10,90%,"90,900",4.3/5,350,26
1941,93%,7/10,86%,"34,679,279",3.7/5,252,18
1942,96%,7/10,95%,"845,930",4.1/5,85,4
1943,0,0,0,0,0,0,0
1944,95%,6/10,91%,"635,858",4.1/5,217,12
1945,97%,6/10,85%,"126,497",4.2/5,382,13
1946,84%,7/10,90%,"186,128",4.3/5,267,52
1947,91%,8/10,91%,"130,662",4.3/5,318,31
1948,96%,9/10,97%,"428,343",4.3/5,87,4
1949,,,87%,113,4.1/5,0,0
1950,30%,2/10,Average Rating:,591,N/A,6,14
1951,0,0,0,0,0,0,0
1952,25%,2/10,41%,"83,492",2.9/5,67,199
1953,60%,2/10,82%,"6,797",3.6/5,3,2
1954,20%,2/10,17%,"1,241",1.8/5,3,12
1955,0,0,0,0,0,0,0
1956,6%,4/10,26%,"6,229",2.3/5,2,33
1957,12%,1/10,37%,"5,434",2.6/5,21,151
1958,0,0,0,0,0,0,0
1959,,,28%,160,2.2/5,0,0
1960,0,0,0,0,0,0,0
1961,0,0,0,0,0,0,0
1962,11%,3/10,48%,"27,376",3/5,21,165
1963,15%,7/10,43%,"324,383",3.1/5,32,176
1964,0,0,0,0,0,0,0
1965,,,42%,"7,512",3.1/5,0,0
1966,,,24%,403,2.3/5,0,0
1967,7%,2/10,20%,"2,124",1.7/5,5,66
1968,92%,3/10,69%,"5,542",3.5/5,23,2
1969,0%,6/10,50%,45,2.9/5,0,16
1970,19%,7/10,16%,698,1.9/5,5,22
1971,11%,8/10,36%,"121,711",2.8/5,23,179
1972,11%,4/10,16%,274,1.9/5,5,40
1973,4%,2/10,24%,"35,457",2.1/5,3,80
1974,13%,7/10,29%,81,2.7/5,1,7
1975,0,0,0,0,0,0,0
1976,0,0,0,0,0,0,0
1977,9%,5/10,14%,603,1.6/5,2,21
1978,0,0,0,0,0,0,0
1979,27%,5/10,45%,"759,048",3.1/5,57,153
1980,12%,6/10,24%,"53,974",2.4/5,8,61
1981,13%,1/10,44%,41,2.9/5,1,7
1982,0,0,0,0,0,0,0
1983,,,26%,499,2.3/5,0,0
1984,23%,3/10,36%,"56,818",2.3/5,12,41
1985,17%,4/10,26%,"3,532",2.6/5,1,5
1986,0%,3/10,32%,"3,167",2.5/5,0,35
1987,5%,3/10,10%,136,1.5/5,1,20
1988,32%,5/10,23%,524,2.3/5,24,50
1989,,,52%,378,2.8/5,0,0
1990,16%,2/10,56%,"19,972",3.2/5,7,38
1991,0,0,0,0,0,0,0
1992,0,0,0,0,0,0,0
1993,,,27%,96,2.8/5,0,0
1994,20%,5/10,22%,"7,132",2.3/5,16,64
1995,10%,5/10,8%,"1,682",1.2/5,1,9
1996,0,0,0,0,0,0,0
1997,1%,8/10,19%,"128,802",2.2/5,1,72
1998,23%,5/10,34%,"4,554",2.7/5,13,44
1999,0%,6/10,33%,865,2.5/5,0,34
2000,62%,1/10,89%,"17,861",4.4/5,213,133
2001,96%,9/10,76%,"3,436",3.9/5,315,14
2002,90%,1/10,80%,"15,993",4.1/5,403,45
2003,81%,4/10,95%,"3,724",4.4/5,215,52
2004,0,0,0,0,0,0,0
2005,81%,7/10,94%,"2,269",4.6/5,40,9
2006,85%,6/10,91%,"51,037",4.5/5,349,63
2007,98%,2/10,0,"47,367",0,50,1
2008,70%,9/10,95%,322,4.7/5,7,3
2009,94%,6/10,94%,"1,830,714",4.4/5,312,20
2010,91%,2/10,98%,"884,696",4.4/5,61,6
2011,71%,7/10,85%,"173,373",4.1/5,243,97
2012,91%,4/10,86%,"21,574",4.2/5,333,33
2013,86%,1/10,91%,"569,017",4.2/5,298,47
2014,94%,1/10,96%,"1,125,719",4.2/5,78,5
2015,0,0,0,0,0,0,0
2016,88%,8/10,87%,"127,446",4.1/5,295,42
2017,82%,4/10,94%,"355,343",4/5,79,17
2018,98%,3/10,98%,"732,022",4.4/5,86,2
2019,98%,7/10,93%,987,4.5/5,106,2
2020,72%,2/10,95%,"1,243,857",4.1/5,66,26
2021,95%,2/10,96%,"825,430",4.1/5,71,4
2022,91%,2/10,95%,"1,355,431",4.1/5,208,20
2023,87%,2/10,81%,"58,211",4.1/5,344,51
2024,84%,7/10,88%,"18,357",4.2/5,144,27
2025,99%,8/10,90%,"1,149",4.3/5,177,2
2026,0,0,0,0,0,0,0
2027,0,0,0,0,0,0,0
2028,96%,3/10,89%,"390,605",4.3/5,307,13
2029,87%,8/10,90%,"1,210,158",4.3/5,307,47
2030,98%,3/10,95%,"1,304",4.7/5,112,2
2031,88%,6/10,85%,"33,323,891",3.6/5,126,18
2032,75%,7/10,93%,"45,065",4.3/5,91,31
2033,0,0,0,0,0,0,0
2034,97%,9/10,97%,"410,783",4.3/5,90,3
2035,91%,2/10,94%,"736,787",4.1/5,249,26
2036,88%,8/10,87%,"774,411",4/5,279,37
2037,91%,8/10,92%,"253,206",4.4/5,279,27
2038,0,0,0,0,0,0,0
2039,91%,3/10,91%,"1,069,586",3.6/5,112,11
2040,93%,9/10,90%,"90,900",4.3/5,350,26
2041,93%,7/10,86%,"34,679,279",3.7/5,252,18
2042,96%,7/10,95%,"845,930",4.1/5,85,4
2043,0,0,0,0,0,0,0
2044,95%,6/10,91%,"635,858",4.1/5,217,12
2045,97%,6/10,85%,"126,497",4.2/5,382,13
2046,84%,7/10,90%,"186,128",4.3/5,267,52
2047,91%,8/10,91%,"130,662",4.3/5,318,31
2048,96%,9/10,97%,"428,343",4.3/5,87,4
2049,,,87%,113,4.1/5,0,0
2050,30%,2/10,Average Rating:,591,N/A,6,14
2051,0,0,0,0,0,0,0
2052,25%,2/10,41%,"83,492",2.9/5,67,199
2053,60%,2/10,82%,"6,797",3.6/5,3,2
2054,20%,2/10,17%,"1,241",1.8/5,3,12
2055,0,0,0,0,0,0,0
2056,6%,4/10,26%,"6,229",2.3/5,2,33
2057,12%,1/10,37%,"5,434",2.6/5,21,151
2058,0,0,0,0,0,0,0
2059,,,28%,160,2.2/5,0,0
2060,0,0,0,0,0,0,0
2061,0,0,0,0,0,0,0
2062,11%,3/10,48%,"27,376",3/5,21,165
2063,15%,7/10,43%,"324,383",3.1/5,32,176
2064,0,0,0,0,0,0,0
2065,,,42%,"7,512",3.1/5,0,0
2066,,,24%,403,2.3/5,0,0
2067,7%,2/10,20%,"2,124",1.7/5,5,66
2068,92%,3/10,69%,"5,542",3.5/5,23,2
2069,0%,6/10,50%,45,2.9/5,0,16
2070,19%,7/10,16%,698,1.9/5,5,22
2071,11%,8/10,36%,"121,711",2.8/5,23,179
2072,11%,4/10,16%,274,1.9/5,5,40
2073,4%,2/10,24%,"35,457",2.1/5,3,80
2074,13%,7/10,29%,81,2.7/5,1,7
2075,0,0,0,0,0,0,0
2076,0,0,0,0,0,0,0
2077,9%,5/10,14%,603,1.6/5,2,21
2078,0,0,0,0,0,0,0
2079,27%,5/10,45%,"759,048",3.1/5,57,153
2080,12%,6/10,24%,"53,974",2.4/5,8,61
2081,13%,1/10,44%,41,2.9/5,1,7
2082,0,0,0,0,0,0,0
2083,,,26%,499,2.3/5,0,0
2084,23%,3/10,36%,"56,818",2.3/5,12,41
2085,17%,4/10,26%,"3,532",2.6/5,1,5
2086,0%,3/10,32%,"3,167",2.5/5,0,35
2087,5%,3/10,10%,136,1.5/5,1,20
2088,32%,5/10,23%,524,2.3/5,24,50
2089,,,52%,378,2.8/5,0,0
2090,16%,2/10,56%,"19,972",3.2/5,7,38
2091,0,0,0,0,0,0,0
2092,0,0,0,0,0,0,0
2093,,,27%,96,2.8/5,0,0
2094,20%,5/10,22%,"7,132",2.3/5,16,64
2095,10%,5/10,8%,"1,682",1.2/5,1,9
2096,0,0,0,0,0,0,0
2097,1%,8/10,19%,"128,802",2.2/5,1,72
2098,23%,5/10,34%,"4,554",2.7/5,13,44
2099,0%,6/10,33%,865,2.5/5,0,34
2100,62%,1/10,89%,"17,861",4.4/5,213,133
2101,96%,9/10,76%,"3,436",3.9/5,315,14
2102,90%,1/10,80%,"15,993",4.1/5,403,45
2103,81%,4/10,95%,"3,724",4.4/5,215,52
2104,0,0,0,0,0,0,0
2105,81%,7/10,94%,"2,269",4.6/5,40,9
2106,85%,6/10,91%,"51,037",4.5/5,349,63
2107,98%,2/10,0,"47,367",0,50,1
2108,70%,9/10,95%,322,4.7/5,7,3
2109,94%,6/10,94%,"1,830,714",4.4/5,312,20
2110,91%,2/10,98%,"884,696",4.4/5,61,6
2111,71%,7/10,85%,"173,373",4.1/5,243,97
2112,91%,4/10,86%,"21,574",4.2/5,333,33
2113,86%,1/10,91%,"569,017",4.2/5,298,47
2114,94%,1/10,96%,"1,125,719",4.2/5,78,5
2115,0,0,0,0,0,0,0
2116,88%,8/10,87%,"127,446",4.1/5,295,42
2117,82%,4/10,94%,"355,343",4/5,79,17
2118,98%,3/10,98%,"732,022",4.4/5,86,2
2119,98%,7/10,93%,987,4.5/5,106,2
2120,72%,2/10,95%,"1,243,857",4.1/5,66,26
2121,95%,2/10,96%,"825,430",4.1/5,71,4
2122,91%,2/10,95%,"1,355,431",4.1/5,208,20
2123,87%,2/10,81%,"58,211",4.1/5,344,51
2124,84%,7/10,88%,"18,357",4.2/5,144,27
2125,99%,8/10,90%,"1,149",4.3/5,177,2
2126,0,0,0,0,0,0,0
2127,0,0,0,0,0,0,0
2128,96%,3/10,89%,"390,605",4.3/5,307,13
2129,87%,8/10,90%,"1,210,158",4.3/5,307,47
2130,98%,3/10,95%,"1,304",4.7/5,112,2
2131,88%,6/10,85%,"33,323,891",3.6/5,126,18
2132,75%,7/10,93%,"45,065",4.3/5,91,31
2133,0,0,0,0,0,0,0
2134,97%,9/10,97%,"410,783",4.3/5,90,3
2135,91%,2/10,94%,"736,787",4.1/5,249,26
2136,88%,8/10,87%,"774,411",4/5,279,37
2137,91%,8/10,92%,"253,206",4.4/5,279,27
2138,0,0,0,0,0,0,0
2139,91%,3/10,91%,"1,069,586",3.6/5,112,11
2140,93%,9/10,90%,"90,900",4.3/5,350,26
2141,93%,7/10,86%,"34,679,279",3.7/5,252,18
2142,96%,7/10,95%,"845,930",4.1/5,85,4
2143,0,0,0,0,0,0,0
2144,95%,6/10,91%,"635,858",4.1/5,217,12
2145,97%,6/10,85%,"126,497",4.2/5,382,13
2146,84%,7/10,90%,"186,128",4.3/5,267,52
2147,91%,8/10,91%,"130,662",4.3/5,318,31
2148,96%,9/10,97%,"428,343",4.3/5,87,4
2149,,,87%,113,4.1/5,0,0
2150,30%,2/10,Average Rating:,591,N/A,6,14
2151,0,0,0,0,0,0,0
2152,25%,2/10,41%,"83,492",2.9/5,67,199
2153,60%,2/10,82%,"6,797",3.6/5,3,2
2154,20%,2/10,17%,"1,241",1.8/5,3,12
2155,0,0,0,0,0,0,0
2156,6%,4/10,26%,"6,229",2.3/5,2,33
2157,12%,1/10,37%,"5,434",2.6/5,21,151
2158,0,0,0,0,0,0,0
2159,,,28%,160,2.2/5,0,0
2160,0,0,0,0,0,0,0
2161,0,0,0,0,0,0,0
2162,11%,3/10,48%,"27,376",3/5,21,165
2163,15%,7/10,43%,"324,383",3.1/5,32,176
2164,0,0,0,0,0,0,0
2165,,,42%,"7,512",3.1/5,0,0
2166,,,24%,403,2.3/5,0,0
2167,7%,2/10,20%,"2,124",1.7/5,5,66
2168,92%,3/10,69%,"5,542",3.5/5,23,2
2169,0%,6/10,50%,45,2.9/5,0,16
2170,19%,7/10,16%,698,1.9/5,5,22
2171,11%,8/10,36%,"121,711",2.8/5,23,179
2172,11%,4/10,16%,274,1.9/5,5,40
2173,4%,2/10,24%,"35,457",2.1/5,3,80
2174,13%,7/10,29%,81,2.7/5,1,7
2175,0,0,0,0,0,0,0
2176,0,0,0,0,0,0,0
2177,9%,5/10,14%,603,1.6/5,2,21
2178,0,0,0,0,0,0,0
2179,27%,5/10,45%,"759,048",3.1/5,57,153
2180,12%,6/10,24%,"53,974",2.4/5,8,61
2181,13%,1/10,44%,41,2.9/5,1,7
2182,0,0,0,0,0,0,0
2183,,,26%,499,2.3/5,0,0
2184,23%,3/10,36%,"56,818",2.3/5,12,41
2185,17%,4/10,26%,"3,532",2.6/5,1,5
2186,0%,3/10,32%,"3,167",2.5/5,0,35
2187,5%,3/10,10%,136,1.5/5,1,20
2188,32%,5/10,23%,524,2.3/5,24,50
2189,,,52%,378,2.8/5,0,0
2190,16%,2/10,56%,"19,972",3.2/5,7,38
2191,0,0,0,0,0,0,0
2192,0,0,0,0,0,0,0
2193,,,27%,96,2.8/5,0,0
2194,20%,5/10,22%,"7,132",2.3/5,16,64
2195,10%,5/10,8%,"1,682",1.2/5,1,9
2196,0,0,0,0,0,0,0
2197,1%,8/10,19%,"128,802",2.2/5,1,72
2198,23%,5/10,34%,"4,554",2.7/5,13,44
2199,0%,6/10,33%,865,2.5/5,0,34
2200,62%,1/10,89%,"17,861",4.4/5,213,133
2201,96%,9/10,76%,"3,436",3.9/5,315,14
2202,90%,1/10,80%,"15,993",4.1/5,403,45
2203,81%,4/10,95%,"3,724",4.4/5,215,52
2204,0,0,0,0,0,0,0
2205,81%,7/10,94%,"2,269",4.6/5,40,9
2206,85%,6/10,91%,"51,037",4.5/5,349,63
2207,98%,2/10,0,"47,367",0,50,1
2208,70%,9/10,95%,322,4.7/5,7,3
2209,94%,6/10,94%,"1,830,714",4.4/5,312,20
2210,91%,2/10,98%,"884,696",4.4/5,61,6
2211,71%,7/10,85%,"173,373",4.1/5,243,97
2212,91%,4/10,86%,"21,574",4.2/5,333,33
2213,86%,1/10,91%,"569,017",4.2/5,298,47
2214,94%,1/10,96%,"1,125,719",4.2/5,78,5
2215,0,0,0,0,0,0,0
2216,88%,8/10,87%,"127,446",4.1/5,295,42
2217,82%,4/10,94%,"355,343",4/5,79,17
2218,98%,3/10,98%,"732,022",4.4/5,86,2
2219,98%,7/10,93%,987,4.5/5,106,2
2220,72%,2/10,95%,"1,243,857",4.1/5,66,26
2221,95%,2/10,96%,"825,430",4.1/5,71,4
2222,91%,2/10,95%,"1,355,431",4.1/5,208,20
2223,87%,2/10,81%,"58,211",4.1/5,344,51
2224,84%,7/10,88%,"18,357",4.2/5,144,27
2225,99%,8/10,90%,"1,149",4.3/5,177,2
2226,0,0,0,0,0,0,0
2227,0,0,0,0,0,0,0
2228,96%,3/10,89%,"390,605",4.3/5,307,13
2229,87%,8/10,90%,"1,210,158",4.3/5,307,47
2230,98%,3/10,95%,"1,304",4.7/5,112,2
2231,88%,6/10,85%,"33,323,891",3.6/5,126,18
2232,75%,7/10,93%,"45,065",4.3/5,91,31
2233,0,0,0,0,0,0,0
2234,97%,9/10,97%,"410,783",4.3/5,90,3
2235,91%,2/10,94%,"736,787",4.1/5,249,26
2236,88%,8/10,87%,"774,411",4/5,279,37
2237,91%,8/10,92%,"253,206",4.4/5,279,27
2238,0,0,0,0,0,0,0
2239,91%,3/10,91%,"1,069,586",3.6/5,112,11
2240,93%,9/10,90%,"90,900",4.3/5,350,26
2241,93%,7/10,86%,"34,679,279",3.7/5,252,18
2242,96%,7/10,95%,"845,930",4.1/5,85,4
2243,0,0,0,0,0,0,0
2244,95%,6/10,91%,"635,858",4.1/5,217,12
2245,97%,6/10,85%,"126,497",4.2/5,382,13
2246,84%,7/10,90%,"186,128",4.3/5,267,52
2247,91%,8/10,91%,"130,662",4.3/5,318,31
2248,96%,9/10,97%,"428,343",4.3/5,87,4
2249,,,87%,113,4.1/5,0,0
2250,30%,2/10,Average Rating:,591,N/A,6,14
2251,0,0,0,0,0,0,0
2252,25%,2/10,41%,"83,492",2.9/5,67,199
2253,60%,2/10,82%,"6,797",3.6/5,3,2
2254,20%,2/10,17%,"1,241",1.8/5,3,12
2255,0,0,0,0,0,0,0
2256,6%,4/10,26%,"6,229",2.3/5,2,33
2257,12%,1/10,37%,"5,434",2.6/5,21,151
2258,0,0,0,0,0,0,0
2259,,,28%,160,2.2/5,0,0
2260,0,0,0,0,0,0,0
2261,0,0,0,0,0,0,0
2262,11%,3/10,48%,"27,376",3/5,21,165
2263,15%,7/10,43%,"324,383",3.1/5,32,176
2264,0,0,0,0,0,0,0
2265,,,42%,"7,512",3.1/5,0,0
2266,,,24%,403,2.3/5,0,0
2267,7%,2/10,20%,"2,124",1.7/5,5,66
2268,92%,3/10,69%,"5,542",3.5/5,23,2
2269,0%,6/10,50%,45,2.9/5,0,16
2270,19%,7/10,16%,698,1.9/5,5,22
2271,11%,8/10,36%,"121,711",2.8/5,23,179
2272,11%,4/10,16%,274,1.9/5,5,40
2273,4%,2/10,24%,"35,457",2.1/5,3,80
2274,13%,7/10,29%,81,2.7/5,1,7
2275,0,0,0,0,0,0,0
2276,0,0,0,0,0,0,0
2277,9%,5/10,14%,603,1.6/5,2,21
2278,0,0,0,0,0,0,0
2279,27%,5/10,45%,"759,048",3.1/5,57,153
2280,12%,6/10,24%,"53,974",2.4/5,8,61
2281,13%,1/10,44%,41,2.9/5,1,7
2282,0,0,0,0,0,0,0
2283,,,26%,499,2.3/5,0,0
2284,23%,3/10,36%,"56,818",2.3/5,12,41
2285,17%,4/10,26%,"3,532",2.6/5,1,5
2286,0%,3/10,32%,"3,167",2.5/5,0,35
2287,5%,3/10,10%,136,1.5/5,1,20
2288,32%,5/10,23%,524,2.3/5,24,50
2289,,,52%,378,2.8/5,0,0
2290,16%,2/10,56%,"19,972",3.2/5,7,38
2291,0,0,0,0,0,0,0
2292,0,0,0,0,0,0,0
2293,,,27%,96,2.8/5,0,0
2294,20%,5/10,22%,"7,132",2.3/5,16,64
2295,10%,5/10,8%,"1,682",1.2/5,1,9
2296,0,0,0,0,0,0,0
2297,1%,8/10,19%,"128,802",2.2/5,1,72
2298,23%,5/10,34%,"4,554",2.7/5,13,44
2299,0%,6/10,33%,865,2.5/5,0,34
2300,62%,1/10,89%,"17,861",4.4/5,213,133
2301,96%,9/10,76%,"3,436",3.9/5,315,14
2302,90%,1/10,80%,"15,993",4.1/5,403,45
2303,81%,4/10,95%,"3,724",4.4/5,215,52
2304,0,0,0,0,0,0,0
2305,81%,7/10,94%,"2,269",4.6/5,40,9
2306,85%,6/10,91%,"51,037",4.5/5,349,63
2307,98%,2/10,0,"47,367",0,50,1
2308,70%,9/10,95%,322,4.7/5,7,3
2309,94%,6/10,94%,"1,830,714",4.4/5,312,20
2310,91%,2/10,98%,"884,696",4.4/5,61,6
2311,71%,7/10,85%,"173,373",4.1/5,243,97
2312,91%,4/10,86%,"21,574",4.2/5,333,33
2313,86%,1/10,91%,"569,017",4.2/5,298,47
2314,94%,1/10,96%,"1,125,719",4.2/5,78,5
2315,0,0,0,0,0,0,0
2316,88%,8/10,87%,"127,446",4.1/5,295,42
2317,82%,4/10,94%,"355,343",4/5,79,17
2318,98%,3/10,98%,"732,022",4.4/5,86,2
2319,98%,7/10,93%,987,4.5/5,106,2
2320,72%,2/10,95%,"1,243,857",4.1/5,66,26
2321,95%,2/10,96%,"825,430",4.1/5,71,4
2322,91%,2/10,95%,"1,355,431",4.1/5,208,20
2323,87%,2/10,81%,"58,211",4.1/5,344,51
2324,84%,7/10,88%,"18,357",4.2/5,144,27
2325,99%,8/10,90%,"1,149",4.3/5,177,2
2326,0,0,0,0,0,0,0
2327,0,0,0,0,0,0,0
2328,96%,3/10,89%,"390,605",4.3/5,307,13
2329,87%,8/10,90%,"1,210,158",4.3/5,307,47
2330,98%,3/10,95%,"1,304",4.7/5,112,2
2331,88%,6/10,85%,"33,323,891",3.6/5,126,18
2332,75%,7/10,93%,"45,065",4.3/5,91,31
2333,0,0,0,0,0,0,0
2334,97%,9/10,97%,"410,783",4.3/5,90,3
2335,91%,2/10,94%,"736,787",4.1/5,249,26
2336,88%,8/10,87%,"774,411",4/5,279,37
2337,91%,8/10,92%,"253,206",4.4/5,279,27
2338,0,0,0,0,0,0,0
2339,91%,3/10,91%,"1,069,586",3.6/5,112,11
2340,93%,9/10,90%,"90,900",4.3/5,350,26
2341,93%,7/10,86%,"34,679,279",3.7/5,252,18
2342,96%,7/10,95%,"845,930",4.1/5,85,4
2343,0,0,0,0,0,0,0
2344,95%,6/10,91%,"635,858",4.1/5,217,12
2345,97%,6/10,85%,"126,497",4.2/5,382,13
2346,84%,7/10,90%,"186,128",4.3/5,267,52
2347,91%,8/10,91%,"130,662",4.3/5,318,31
2348,96%,9/10,97%,"428,343",4.3/5,87,4
2349,,,87%,113,4.1/5,0,0
2350,30%,2/10,Average Rating:,591,N/A,6,14
2351,0,0,0,0,0,0,0
2352,25%,2/10,41%,"83,492",2.9/5,67,199
2353,60%,2/10,82%,"6,797",3.6/5,3,2
2354,20%,2/10,17%,"1,241",1.8/5,3,12
2355,0,0,0,0,0,0,0
2356,6%,4/10,26%,"6,229",2.3/5,2,33
2357,12%,1/10,37%,"5,434",2.6/5,21,151
2358,0,0,0,0,0,0,0
2359,,,28%,160,2.2/5,0,0
2360,0,0,0,0,0,0,0
2361,0,0,0,0,0,0,0
2362,11%,3/10,48%,"27,376",3/5,21,165
2363,15%,7/10,43%,"324,383",3.1/5,32,176
2364,0,0,0,0,0,0,0
2365,,,42%,"7,512",3.1/5,0,0
2366,,,24%,403,2.3/5,0,0
2367,7%,2/10,20%,"2,124",1.7/5,5,66
2368,92%,3/10,69%,"5,542",3.5/5,23,2
2369,0%,6/10,50%,45,2.9/5,0,16
2370,19%,7/10,16%,698,1.9/5,5,22
2371,11%,8/10,36%,"121,711",2.8/5,23,179
2372,11%,4/10,16%,274,1.9/5,5,40
2373,4%,2/10,24%,"35,457",2.1/5,3,80
2374,13%,7/10,29%,81,2.7/5,1,7
2375,0,0,0,0,0,0,0
2376,0,0,0,0,0,0,0
2377,9%,5/10,14%,603,1.6/5,2,21
2378,0,0,0,0,0,0,0
2379,27%,5/10,45%,"759,048",3.1/5,57,153
2380,12%,6/10,24%,"53,974",2.4/5,8,61
2381,13%,1/10,44%,41,2.9/5,1,7
2382,0,0,0,0,0,0,0
2383,,,26%,499,2.3/5,0,0
2384,23%,3/10,36%,"56,818",2.3/5,12,41
2385,17%,4/10,26%,"3,532",2.6/5,1,5
2386,0%,3/10,32%,"3,167",2.5/5,0,35
2387,5%,3/10,10%,136,1.5/5,1,20
2388,32%,5/10,23%,524,2.3/5,24,50
2389,,,52%,378,2.8/5,0,0
2390,16%,2/10,56%,"19,972",3.2/5,7,38
2391,0,0,0,0,0,0,0
2392,0,0,0,0,0,0,0
2393,,,27%,96,2.8/5,0,0
2394,20%,5/10,22%,"7,132",2.3/5,16,64
2395,10%,5/10,8%,"1,682",1.2/5,1,9
2396,0,0,0,0,0,0,0
2397,1%,8/10,19%,"128,802",2.2/5,1,72
2398,23%,5/10,34%,"4,554",2.7/5,13,44
2399,0%,6/10,33%,865,2.5/5,0,34
2400,62%,1/10,89%,"17,861",4.4/5,213,133
2401,96%,9/10,76%,"3,436",3.9/5,315,14
2402,90%,1/10,80%,"15,993",4.1/5,403,45
2403,81%,4/10,95%,"3,724",4.4/5,215,52
2404,0,0,0,0,0,0,0
2405,81%,7/10,94%,"2,269",4.6/5,40,9
2406,85%,6/10,91%,"51,037",4.5/5,349,63
2407,98%,2/10,0,"47,367",0,50,1
2408,70%,9/10,95%,322,4.7/5,7,3
2409,94%,6/10,94%,"1,830,714",4.4/5,312,20
2410,91%,2/10,98%,"884,696",4.4/5,61,6
2411,71%,7/10,85%,"173,373",4.1/5,243,97
2412,91%,4/10,86%,"21,574",4.2/5,333,33
2413,86%,1/10,91%,"569,017",4.2/5,298,47
2414,94%,1/10,96%,"1,125,719",4.2/5,78,5
2415,0,0,0,0,0,0,0
2416,88%,8/10,87%,"127,446",4.1/5,295,42
2417,82%,4/10,94%,"355,343",4/5,79,17
2418,98%,3/10,98%,"732,022",4.4/5,86,2
2419,98%,7/10,93%,987,4.5/5,106,2
2420,72%,2/10,95%,"1,243,857",4.1/5,66,26
2421,95%,2/10,96%,"825,430",4.1/5,71,4
2422,91%,2/10,95%,"1,355,431",4.1/5,208,20
2423,87%,2/10,81%,"58,211",4.1/5,344,51
2424,84%,7/10,88%,"18,357",4.2/5,144,27
2425,99%,8/10,90%,"1,149",4.3/5,177,2
2426,0,0,0,0,0,0,0
2427,0,0,0,0,0,0,0
2428,96%,3/10,89%,"390,605",4.3/5,307,13
2429,87%,8/10,90%,"1,210,158",4.3/5,307,47
2430,98%,3/10,95%,"1,304",4.7/5,112,2
2431,88%,6/10,85%,"33,323,891",3.6/5,126,18
2432,75%,7/10,93%,"45,065",4.3/5,91,31
2433,0,0,0,0,0,0,0
2434,97%,9/10,97%,"410,783",4.3/5,90,3
2435,91%,2/10,94%,"736,787",4.1/5,249,26
2436,88%,8/10,87%,"774,411",4/5,279,37
2437,91%,8/10,92%,"253,206",4.4/5,279,27
2438,0,0,0,0,0,0,0
2439,91%,3/10,91%,"1,069,586",3.6/5,112,11
2440,93%,9/10,90%,"90,900",4.3/5,350,26
2441,93%,7/10,86%,"34,679,279",3.7/5,252,18
2442,96%,7/10,95%,"845,930",4.1/5,85,4
2443,0,0,0,0,0,0,0
2444,95%,6/10,91%,"635,858",4.1/5,217,12
2445,97%,6/10,85%,"126,497",4.2/5,382,13
2446,84%,7/10,90%,"186,128",4.3/5,267,52
2447,91%,8/10,91%,"130,662",4.3/5,318,31
2448,96%,9/10,97%,"428,343",4.3/5,87,4
2449,,,87%,113,4.1/5,0,0
2450,30%,2/10,Average Rating:,591,N/A,6,14
2451,0,0,0,0,0,0,0
2452,25%,2/10,41%,"83,492",2.9/5,67,199
2453,60%,2/10,82%,"6,797",3.6/5,3,2
2454,20%,2/10,17%,"1,241",1.8/5,3,12
2455,0,0,0,0,0,0,0
2456,6%,4/10,26%,"6,229",2.3/5,2,33
2457,12%,1/10,37%,"5,434",2.6/5,21,151
2458,0,0,0,0,0,0,0
2459,,,28%,160,2.2/5,0,0
2460,0,0,0,0,0,0,0
2461,0,0,0,0,0,0,0
2462,11%,3/10,48%,"27,376",3/5,21,165
2463,15%,7/10,43%,"324,383",3.1/5,32,176
2464,0,0,0,0,0,0,0
2465,,,42%,"7,512",3.1/5,0,0
2466,,,24%,403,2.3/5,0,0
2467,7%,2/10,20%,"2,124",1.7/5,5,66
2468,92%,3/10,69%,"5,542",3.5/5,23,2
2469,0%,6/10,50%,45,2.9/5,0,16
2470,19%,7/10,16%,698,1.9/5,5,22
2471,11%,8/10,36%,"121,711",2.8/5,23,179
2472,11%,4/10,16%,274,1.9/5,5,40
2473,4%,2/10,24%,"35,457",2.1/5,3,80
2474,13%,7/10,29%,81,2.7/5,1,7
2475,0,0,0,0,0,0,0
2476,0,0,0,0,0,0,0
2477,9%,5/10,14%,603,1.6/5,2,21
2478,0,0,0,0,0,0,0
2479,27%,5/10,45%,"759,048",3.1/5,57,153
2480,12%,6/10,24%,"53,974",2.4/5,8,61
2481,13%,1/10,44%,41,2.9/5,1,7
2482,0,0,0,0,0,0,0
2483,,,26%,499,2.3/5,0,0
2484,23%,3/10,36%,"56,818",2.3/5,12,41
2485,17%,4/10,26%,"3,532",2.6/5,1,5
2486,0%,3/10,32%,"3,167",2.5/5,0,35
2487,5%,3/10,10%,136,1.5/5,1,20
2488,32%,5/10,23%,524,2.3/5,24,50
2489,,,52%,378,2.8/5,0,0
2490,16%,2/10,56%,"19,972",3.2/5,7,38
2491,0,0,0,0,0,0,0
2492,0,0,0,0,0,0,0
2493,,,27%,96,2.8/5,0,0
2494,20%,5/10,22%,"7,132",2.3/5,16,64
2495,10%,5/10,8%,"1,682",1.2/5,1,9
2496,0,0,0,0,0,0,0
2497,1%,8/10,19%,"128,802",2.2/5,1,72
2498,23%,5/10,34%,"4,554",2.7/5,13,44
2499,0%,6/10,33%,865,2.5/5,0,34
2500,62%,1/10,89%,"17,861",4.4/5,213,133
2501,96%,9/10,76%,"3,436",3.9/5,315,14
2502,90%,1/10,80%,"15,993",4.1/5,403,45
2503,81%,4/10,95%,"3,724",4.4/5,215,52
2504,0,0,0,0,0,0,0
2505,81%,7/10,94%,"2,269",4.6/5,40,9
2506,85%,6/10,91%,"51,037",4.5/5,349,63
2507,98%,2/10,0,"47,367",0,50,1
2508,70%,9/10,95%,322,4.7/5,7,3
2509,94%,6/10,94%,"1,830,714",4.4/5,312,20
2510,91%,2/10,98%,"884,696",4.4/5,61,6
2511,71%,7/10,85%,"173,373",4.1/5,243,97
2512,91%,4/10,86%,"21,574",4.2/5,333,33
2513,86%,1/10,91%,"569,017",4.2/5,298,47
2514,94%,1/10,96%,"1,125,719",4.2/5,78,5
2515,0,0,0,0,0,0,0
2516,88%,8/10,87%,"127,446",4.1/5,295,42
2517,82%,4/10,94%,"355,343",4/5,79,17
2518,98%,3/10,98%,"732,022",4.4/5,86,2
2519,98%,7/10,93%,987,4.5/5,106,2
2520,72%,2/10,95%,"1,243,857",4.1/5,66,26
2521,95%,2/10,96%,"825,430",4.1/5,71,4
2522,91%,2/10,95%,"1,355,431",4.1/5,208,20
2523,87%,2/10,81%,"58,211",4.1/5,344,51
2524,84%,7/10,88%,"18,357",4.2/5,144,27
2525,99%,8/10,90%,"1,149",4.3/5,177,2
2526,0,0,0,0,0,0,0
2527,0,0,0,0,0,0,0
2528,96%,3/10,89%,"390,605",4.3/5,307,13
2529,87%,8/10,90%,"1,210,158",4.3/5,307,47
2530,98%,3/10,95%,"1,304",4.7/5,112,2
2531,88%,6/10,85%,"33,323,891",3.6/5,126,18
2532,75%,7/10,93%,"45,065",4.3/5,91,31
2533,0,0,0,0,0,0,0
2534,97%,9/10,97%,"410,783",4.3/5,90,3
2535,91%,2/10,94%,"736,787",4.1/5,249,26
2536,88%,8/10,87%,"774,411",4/5,279,37
2537,91%,8/10,92%,"253,206",4.4/5,279,27
2538,0,0,0,0,0,0,0
2539,91%,3/10,91%,"1,069,586",3.6/5,112,11
2540,93%,9/10,90%,"90,900",4.3/5,350,26
2541,93%,7/10,86%,"34,679,279",3.7/5,252,18
2542,96%,7/10,95%,"845,930",4.1/5,85,4
2543,0,0,0,0,0,0,0
2544,95%,6/10,91%,"635,858",4.1/5,217,12
2545,97%,6/10,85%,"126,497",4.2/5,382,13
2546,84%,7/10,90%,"186,128",4.3/5,267,52
2547,91%,8/10,91%,"130,662",4.3/5,318,31
2548,96%,9/10,97%,"428,343",4.3/5,87,4
2549,,,87%,113,4.1/5,0,0
2550,30%,2/10,Average Rating:,591,N/A,6,14
2551,0,0,0,0,0,0,0
2552,25%,2/10,41%,"83,492",2.9/5,67,199
2553,60%,2/10,82%,"6,797",3.6/5,3,2
2554,20%,2/10,17%,"1,241",1.8/5,3,12
2555,0,0,0,0,0,0,0
2556,6%,4/10,26%,"6,229",2.3/5,2,33
2557,12%,1/10,37%,"5,434",2.6/5,21,151
2558,0,0,0,0,0,0,0
2559,,,28%,160,2.2/5,0,0
2560,0,0,0,0,0,0,0
2561,0,0,0,0,0,0,0
2562,11%,3/10,48%,"27,376",3/5,21,165
2563,15%,7/10,43%,"324,383",3.1/5,32,176
2564,0,0,0,0,0,0,0
2565,,,42%,"7,512",3.1/5,0,0
2566,,,24%,403,2.3/5,0,0
2567,7%,2/10,20%,"2,124",1.7/5,5,66
2568,92%,3/10,69%,"5,542",3.5/5,23,2
2569,0%,6/10,50%,45,2.9/5,0,16
2570,19%,7/10,16%,698,1.9/5,5,22
2571,11%,8/10,36%,"121,711",2.8/5,23,179
2572,11%,4/10,16%,274,1.9/5,5,40
2573,4%,2/10,24%,"35,457",2.1/5,3,80
2574,13%,7/10,29%,81,2.7/5,1,7
2575,0,0,0,0,0,0,0
2576,0,0,0,0,0,0,0
2577,9%,5/10,14%,603,1.6/5,2,21
2578,0,0,0,0,0,0,0
2579,27%,5/10,45%,"759,048",3.1/5,57,153
2580,12%,6/10,24%,"53,974",2.4/5,8,61
2581,13%,1/10,44%,41,2.9/5,1,7
2582,0,0,0,0,0,0,0
2583,,,26%,499,2.3/5,0,0
2584,23%,3/10,36%,"56,818",2.3/5,12,41
2585,17%,4/10,26%,"3,532",2.6/5,1,5
2586,0%,3/10,32%,"3,167",2.5/5,0,35
2587,5%,3/10,10%,136,1.5/5,1,20
2588,32%,5/10,23%,524,2.3/5,24,50
2589,,,52%,378,2.8/5,0,0
2590,16%,2/10,56%,"19,972",3.2/5,7,38
2591,0,0,0,0,0,0,0
2592,0,0,0,0,0,0,0
2593,,,27%,96,2.8/5,0,0
2594,20%,5/10,22%,"7,132",2.3/5,16,64
2595,10%,5/10,8%,"1,682",1.2/5,1,9
2596,0,0,0,0,0,0,0
2597,1%,8/10,19%,"128,802",2.2/5,1,72
2598,23%,5/10,34%,"4,554",2.7/5,13,44
2599,0%,6/10,33%,865,2.5/5,0,34
2600,62%,1/10,89%,"17,861",4.4/5,213,133
2601,96%,9/10,76%,"3,436",3.9/5,315,14
2602,90%,1/10,80%,"15,993",4.1/5,403,45
2603,81%,4/10,95%,"3,724",4.4/5,215,52
2604,0,0,0,0,0,0,0
2605,81%,7/10,94%,"2,269",4.6/5,40,9
2606,85%,6/10,91%,"51,037",4.5/5,349,63
2607,98%,2/10,0,"47,367",0,50,1
2608,70%,9/10,95%,322,4.7/5,7,3
2609,94%,6/10,94%,"1,830,714",4.4/5,312,20
2610,91%,2/10,98%,"884,696",4.4/5,61,6
2611,71%,7/10,85%,"173,373",4.1/5,243,97
2612,91%,4/10,86%,"21,574",4.2/5,333,33
2613,86%,1/10,91%,"569,017",4.2/5,298,47
2614,94%,1/10,96%,"1,125,719",4.2/5,78,5
2615,0,0,0,0,0,0,0
2616,88%,8/10,87%,"127,446",4.1/5,295,42
2617,82%,4/10,94%,"355,343",4/5,79,17
2618,98%,3/10,98%,"732,022",4.4/5,86,2
2619,98%,7/10,93%,987,4.5/5,106,2
2620,72%,2/10,95%,"1,243,857",4.1/5,66,26
2621,95%,2/10,96%,"825,430",4.1/5,71,4
2622,91%,2/10,95%,"1,355,431",4.1/5,208,20
2623,87%,2/10,81%,"58,211",4.1/5,344,51
2624,84%,7/10,88%,"18,357",4.2/5,144,27
2625,99%,8/10,90%,"1,149",4.3/5,177,2
2626,0,0,0,0,0,0,0
2627,0,0,0,0,0,0,0
2628,96%,3/10,89%,"390,605",4.3/5,307,13
2629,87%,8/10,90%,"1,210,158",4.3/5,307,47
2630,98%,3/10,95%,"1,304",4.7/5,112,2
2631,88%,6/10,85%,"33,323,891",3.6/5,126,18
2632,75%,7/10,93%,"45,065",4.3/5,91,31
2633,0,0,0,0,0,0,0
2634,97%,9/10,97%,"410,783",4.3/5,90,3
2635,91%,2/10,94%,"736,787",4.1/5,249,26
2636,88%,8/10,87%,"774,411",4/5,279,37
2637,91%,8/10,92%,"253,206",4.4/5,279,27
2638,0,0,0,0,0,0,0
2639,91%,3/10,91%,"1,069,586",3.6/5,112,11
2640,93%,9/10,90%,"90,900",4.3/5,350,26
2641,93%,7/10,86%,"34,679,279",3.7/5,252,18
2642,96%,7/10,95%,"845,930",4.1/5,85,4
2643,0,0,0,0,0,0,0
2644,95%,6/10,91%,"635,858",4.1/5,217,12
2645,97%,6/10,85%,"126,497",4.2/5,382,13
2646,84%,7/10,90%,"186,128",4.3/5,267,52
2647,91%,8/10,91%,"130,662",4.3/5,318,31
2648,96%,9/10,97%,"428,343",4.3/5,87,4
2649,,,87%,113,4.1/5,0,0
2650,30%,2/10,Average Rating:,591,N/A,6,14
2651,0,0,0,0,0,0,0
2652,25%,2/10,41%,"83,492",2.9/5,67,199
2653,60%,2/10,82%,"6,797",3.6/5,3,2
2654,20%,2/10,17%,"1,241",1.8/5,3,12
2655,0,0,0,0,0,0,0
2656,6%,4/10,26%,"6,229",2.3/5,2,33
2657,12%,1/10,37%,"5,434",2.6/5,21,151
2658,0,0,0,0,0,0,0
2659,,,28%,160,2.2/5,0,0
2660,0,0,0,0,0,0,0
2661,0,0,0,0,0,0,0
2662,11%,3/10,48%,"27,376",3/5,21,165
2663,15%,7/10,43%,"324,383",3.1/5,32,176
2664,0,0,0,0,0,0,0
2665,,,42%,"7,512",3.1/5,0,0
2666,,,24%,403,2.3/5,0,0
2667,7%,2/10,20%,"2,124",1.7/5,5,66
2668,92%,3/10,69%,"5,542",3.5/5,23,2
2669,0%,6/10,50%,45,2.9/5,0,16
2670,19%,7/10,16%,698,1.9/5,5,22
2671,11%,8/10,36%,"121,711",2.8/5,23,179
2672,11%,4/10,16%,274,1.9/5,5,40
2673,4%,2/10,24%,"35,457",2.1/5,3,80
2674,13%,7/10,29%,81,2.7/5,1,7
2675,0,0,0,0,0,0,0
2676,0,0,0,0,0,0,0
2677,9%,5/10,14%,603,1.6/5,2,21
2678,0,0,0,0,0,0,0
2679,27%,5/10,45%,"759,048",3.1/5,57,153
2680,12%,6/10,24%,"53,974",2.4/5,8,61
2681,13%,1/10,44%,41,2.9/5,1,7
2682,0,0,0,0,0,0,0
2683,,,26%,499,2.3/5,0,0
2684,23%,3/10,36%,"56,818",2.3/5,12,41
2685,17%,4/10,26%,"3,532",2.6/5,1,5
2686,0%,3/10,32%,"3,167",2.5/5,0,35
2687,5%,3/10,10%,136,1.5/5,1,20
2688,32%,5/10,23%,524,2.3/5,24,50
2689,,,52%,378,2.8/5,0,0
2690,16%,2/10,56%,"19,972",3.2/5,7,38
2691,0,0,0,0,0,0,0
2692,0,0,0,0,0,0,0
2693,,,27%,96,2.8/5,0,0
2694,20%,5/10,22%,"7,132",2.3/5,16,64
2695,10%,5/10,8%,"1,682",1.2/5,1,9
2696,0,0,0,0,0,0,0
2697,1%,8/10,19%,"128,802",2.2/5,1,72
2698,23%,5/10,34%,"4,554",2.7/5,13,44
2699,0%,6/10,33%,865,2.5/5,0,34
2700,62%,1/10,89%,"17,861",4.4/5,213,133
2701,96%,9/10,76%,"3,436",3.9/5,315,14
2702,90%,1/10,80%,"15,993",4.1/5,403,45
2703,81%,4/10,95%,"3,724",4.4/5,215,52
2704,0,0,0,0,0,0,0
2705,81%,7/10,94%,"2,269",4.6/5,40,9
2706,85%,6/10,91%,"51,037",4.5/5,349,63
2707,98%,2/10,0,"47,367",0,50,1
2708,70%,9/10,95%,322,4.7/5,7,3
2709,94%,6/10,94%,"1,830,714",4.4/5,312,20
2710,91%,2/10,98%,"884,696",4.4/5,61,6
2711,71%,7/10,85%,"173,373",4.1/5,243,97
2712,91%,4/10,86%,"21,574",4.2/5,333,33
2713,86%,1/10,91%,"569,017",4.2/5,298,47
2714,94%,1/10,96%,"1,125,719",4.2/5,78,5
2715,0,0,0,0,0,0,0
2716,88%,8/10,87%,"127,446",4.1/5,295,42
2717,82%,4/10,94%,"355,343",4/5,79,17
2718,98%,3/10,98%,"732,022",4.4/5,86,2
2719,98%,7/10,93%,987,4.5/5,106,2
2720,72%,2/10,95%,"1,243,857",4.1/5,66,26
2721,95%,2/10,96%,"825,430",4.1/5,71,4
2722,91%,2/10,95%,"1,355,431",4.1/5,208,20
2723,87%,2/10,81%,"58,211",4.1/5,344,51
2724,84%,7/10,88%,"18,357",4.2/5,144,27
2725,99%,8/10,90%,"1,149",4.3/5,177,2
2726,0,0,0,0,0,0,0
2727,0,0,0,0,0,0,0
2728,96%,3/10,89%,"390,605",4.3/5,307,13
2729,87%,8/10,90%,"1,210,158",4.3/5,307,47
2730,98%,3/10,95%,"1,304",4.7/5,112,2
2731,88%,6/10,85%,"33,323,891",3.6/5,126,18
2732,75%,7/10,93%,"45,065",4.3/5,91,31
2733,0,0,0,0,0,0,0
2734,97%,9/10,97%,"410,783",4.3/5,90,3
2735,91%,2/10,94%,"736,787",4.1/5,249,26
2736,88%,8/10,87%,"774,411",4/5,279,37
2737,91%,8/10,92%,"253,206",4.4/5,279,27
2738,0,0,0,0,0,0,0
2739,91%,3/10,91%,"1,069,586",3.6/5,112,11
2740,93%,9/10,90%,"90,900",4.3/5,350,26
2741,93%,7/10,86%,"34,679,279",3.7/5,252,18
2742,96%,7/10,95%,"845,930",4.1/5,85,4
2743,0,0,0,0,0,0,0
2744,95%,6/10,91%,"635,858",4.1/5,217,12
2745,97%,6/10,85%,"126,497",4.2/5,382,13
2746,84%,7/10,90%,"186,128",4.3/5,267,52
2747,91%,8/10,91%,"130,662",4.3/5,318,31
2748,96%,9/10,97%,"428,343",4.3/5,87,4
2749,,,87%,113,4.1/5,0,0
2750,30%,2/10,Average Rating:,591,N/A,6,14
2751,0,0,0,0,0,0,0
2752,25%,2/10,41%,"83,492",2.9/5,67,199
2753,60%,2/10,82%,"6,797",3.6/5,3,2
2754,20%,2/10,17%,"1,241",1.8/5,3,12
2755,0,0,0,0,0,0,0
2756,6%,4/10,26%,"6,229",2.3/5,2,33
2757,12%,1/10,37%,"5,434",2.6/5,21,151
2758,0,0,0,0,0,0,0
2759,,,28%,160,2.2/5,0,0
2760,0,0,0,0,0,0,0
2761,0,0,0,0,0,0,0
2762,11%,3/10,48%,"27,376",3/5,21,165
2763,15%,7/10,43%,"324,383",3.1/5,32,176
2764,0,0,0,0,0,0,0
2765,,,42%,"7,512",3.1/5,0,0
2766,,,24%,403,2.3/5,0,0
2767,7%,2/10,20%,"2,124",1.7/5,5,66
2768,92%,3/10,69%,"5,542",3.5/5,23,2
2769,0%,6/10,50%,45,2.9/5,0,16
2770,19%,7/10,16%,698,1.9/5,5,22
2771,11%,8/10,36%,"121,711",2.8/5,23,179
2772,11%,4/10,16%,274,1.9/5,5,40
2773,4%,2/10,24%,"35,457",2.1/5,3,80
2774,13%,7/10,29%,81,2.7/5,1,7
2775,0,0,0,0,0,0,0
2776,0,0,0,0,0,0,0
2777,9%,5/10,14%,603,1.6/5,2,21
2778,0,0,0,0,0,0,0
2779,27%,5/10,45%,"759,048",3.1/5,57,153
2780,12%,6/10,24%,"53,974",2.4/5,8,61
2781,13%,1/10,44%,41,2.9/5,1,7
2782,0,0,0,0,0,0,0
2783,,,26%,499,2.3/5,0,0
2784,23%,3/10,36%,"56,818",2.3/5,12,41
2785,17%,4/10,26%,"3,532",2.6/5,1,5
2786,0%,3/10,32%,"3,167",2.5/5,0,35
2787,5%,3/10,10%,136,1.5/5,1,20
2788,32%,5/10,23%,524,2.3/5,24,50
2789,,,52%,378,2.8/5,0,0
2790,16%,2/10,56%,"19,972",3.2/5,7,38
2791,0,0,0,0,0,0,0
2792,0,0,0,0,0,0,0
2793,,,27%,96,2.8/5,0,0
2794,20%,5/10,22%,"7,132",2.3/5,16,64
2795,10%,5/10,8%,"1,682",1.2/5,1,9
2796,0,0,0,0,0,0,0
2797,1%,8/10,19%,"128,802",2.2/5,1,72
2798,23%,5/10,34%,"4,554",2.7/5,13,44
2799,0%,6/10,33%,865,2.5/5,0,34
2800,62%,1/10,89%,"17,861",4.4/5,213,133
2801,96%,9/10,76%,"3,436",3.9/5,315,14
2802,90%,1/10,80%,"15,993",4.1/5,403,45
2803,81%,4/10,95%,"3,724",4.4/5,215,52
2804,0,0,0,0,0,0,0
2805,81%,7/10,94%,"2,269",4.6/5,40,9
2806,85%,6/10,91%,"51,037",4.5/5,349,63
2807,98%,2/10,0,"47,367",0,50,1
2808,70%,9/10,95%,322,4.7/5,7,3
2809,94%,6/10,94%,"1,830,714",4.4/5,312,20
2810,91%,2/10,98%,"884,696",4.4/5,61,6
2811,71%,7/10,85%,"173,373",4.1/5,243,97
2812,91%,4/10,86%,"21,574",4.2/5,333,33
2813,86%,1/10,91%,"569,017",4.2/5,298,47
2814,94%,1/10,96%,"1,125,719",4.2/5,78,5
2815,0,0,0,0,0,0,0
2816,88%,8/10,87%,"127,446",4.1/5,295,42
2817,82%,4/10,94%,"355,343",4/5,79,17
2818,98%,3/10,98%,"732,022",4.4/5,86,2
2819,98%,7/10,93%,987,4.5/5,106,2
2820,72%,2/10,95%,"1,243,857",4.1/5,66,26
2821,95%,2/10,96%,"825,430",4.1/5,71,4
2822,91%,2/10,95%,"1,355,431",4.1/5,208,20
2823,87%,2/10,81%,"58,211",4.1/5,344,51
2824,84%,7/10,88%,"18,357",4.2/5,144,27
2825,99%,8/10,90%,"1,149",4.3/5,177,2
2826,0,0,0,0,0,0,0
2827,0,0,0,0,0,0,0
2828,96%,3/10,89%,"390,605",4.3/5,307,13
2829,87%,8/10,90%,"1,210,158",4.3/5,307,47
2830,98%,3/10,95%,"1,304",4.7/5,112,2
2831,88%,6/10,85%,"33,323,891",3.6/5,126,18
2832,75%,7/10,93%,"45,065",4.3/5,91,31
2833,0,0,0,0,0,0,0
2834,97%,9/10,97%,"410,783",4.3/5,90,3
2835,91%,2/10,94%,"736,787",4.1/5,249,26
2836,88%,8/10,87%,"774,411",4/5,279,37
2837,91%,8/10,92%,"253,206",4.4/5,279,27
2838,0,0,0,0,0,0,0
2839,91%,3/10,91%,"1,069,586",3.6/5,112,11
2840,93%,9/10,90%,"90,900",4.3/5,350,26
2841,93%,7/10,86%,"34,679,279",3.7/5,252,18
2842,96%,7/10,95%,"845,930",4.1/5,85,4
2843,0,0,0,0,0,0,0
2844,95%,6/10,91%,"635,858",4.1/5,217,12
2845,97%,6/10,85%,"126,497",4.2/5,382,13
2846,84%,7/10,90%,"186,128",4.3/5,267,52
2847,91%,8/10,91%,"130,662",4.3/5,318,31
2848,96%,9/10,97%,"428,343",4.3/5,87,4
2849,,,87%,113,4.1/5,0,0
2850,30%,2/10,Average Rating:,591,N/A,6,14
2851,0,0,0,0,0,0,0
2852,25%,2/10,41%,"83,492",2.9/5,67,199
2853,60%,2/10,82%,"6,797",3.6/5,3,2
2854,20%,2/10,17%,"1,241",1.8/5,3,12
2855,0,0,0,0,0,0,0
2856,6%,4/10,26%,"6,229",2.3/5,2,33
2857,12%,1/10,37%,"5,434",2.6/5,21,151
2858,0,0,0,0,0,0,0
2859,,,28%,160,2.2/5,0,0
2860,0,0,0,0,0,0,0
2861,0,0,0,0,0,0,0
2862,11%,3/10,48%,"27,376",3/5,21,165
2863,15%,7/10,43%,"324,383",3.1/5,32,176
2864,0,0,0,0,0,0,0
2865,,,42%,"7,512",3.1/5,0,0
2866,,,24%,403,2.3/5,0,0
2867,7%,2/10,20%,"2,124",1.7/5,5,66
2868,92%,3/10,69%,"5,542",3.5/5,23,2
2869,0%,6/10,50%,45,2.9/5,0,16
2870,19%,7/10,16%,698,1.9/5,5,22
2871,11%,8/10,36%,"121,711",2.8/5,23,179
2872,11%,4/10,16%,274,1.9/5,5,40
2873,4%,2/10,24%,"35,457",2.1/5,3,80
2874,13%,7/10,29%,81,2.7/5,1,7
2875,0,0,0,0,0,0,0
2876,0,0,0,0,0,0,0
2877,9%,5/10,14%,603,1.6/5,2,21
2878,0,0,0,0,0,0,0
2879,27%,5/10,45%,"759,048",3.1/5,57,153
2880,12%,6/10,24%,"53,974",2.4/5,8,61
2881,13%,1/10,44%,41,2.9/5,1,7
2882,0,0,0,0,0,0,0
2883,,,26%,499,2.3/5,0,0
2884,23%,3/10,36%,"56,818",2.3/5,12,41
2885,17%,4/10,26%,"3,532",2.6/5,1,5
2886,0%,3/10,32%,"3,167",2.5/5,0,35
2887,5%,3/10,10%,136,1.5/5,1,20
2888,32%,5/10,23%,524,2.3/5,24,50
2889,,,52%,378,2.8/5,0,0
2890,16%,2/10,56%,"19,972",3.2/5,7,38
2891,0,0,0,0,0,0,0
2892,0,0,0,0,0,0,0
2893,,,27%,96,2.8/5,0,0
2894,20%,5/10,22%,"7,132",2.3/5,16,64
2895,10%,5/10,8%,"1,682",1.2/5,1,9
2896,0,0,0,0,0,0,0
2897,1%,8/10,19%,"128,802",2.2/5,1,72
2898,23%,5/10,34%,"4,554",2.7/5,13,44
2899,0%,6/10,33%,865,2.5/5,0,34
2900,62%,1/10,89%,"17,861",4.4/5,213,133
2901,96%,9/10,76%,"3,436",3.9/5,315,14
2902,90%,1/10,80%,"15,993",4.1/5,403,45
2903,81%,4/10,95%,"3,724",4.4/5,215,52
2904,0,0,0,0,0,0,0
2905,81%,7/10,94%,"2,269",4.6/5,40,9
2906,85%,6/10,91%,"51,037",4.5/5,349,63
2907,98%,2/10,0,"47,367",0,50,1
2908,70%,9/10,95%,322,4.7/5,7,3
2909,94%,6/10,94%,"1,830,714",4.4/5,312,20
2910,91%,2/10,98%,"884,696",4.4/5,61,6
2911,71%,7/10,85%,"173,373",4.1/5,243,97
2912,91%,4/10,86%,"21,574",4.2/5,333,33
2913,86%,1/10,91%,"569,017",4.2/5,298,47
2914,94%,1/10,96%,"1,125,719",4.2/5,78,5
2915,0,0,0,0,0,0,0
2916,88%,8/10,87%,"127,446",4.1/5,295,42
2917,82%,4/10,94%,"355,343",4/5,79,17
2918,98%,3/10,98%,"732,022",4.4/5,86,2
2919,98%,7/10,93%,987,4.5/5,106,2
2920,72%,2/10,95%,"1,243,857",4.1/5,66,26
2921,95%,2/10,96%,"825,430",4.1/5,71,4
2922,91%,2/10,95%,"1,355,431",4.1/5,208,20
2923,87%,2/10,81%,"58,211",4.1/5,344,51
2924,84%,7/10,88%,"18,357",4.2/5,144,27
2925,99%,8/10,90%,"1,149",4.3/5,177,2
2926,0,0,0,0,0,0,0
2927,0,0,0,0,0,0,0
2928,96%,3/10,89%,"390,605",4.3/5,307,13
2929,87%,8/10,90%,"1,210,158",4.3/5,307,47
2930,98%,3/10,95%,"1,304",4.7/5,112,2
2931,88%,6/10,85%,"33,323,891",3.6/5,126,18
2932,75%,7/10,93%,"45,065",4.3/5,91,31
2933,0,0,0,0,0,0,0
2934,97%,9/10,97%,"410,783",4.3/5,90,3
2935,91%,2/10,94%,"736,787",4.1/5,249,26
2936,88%,8/10,87%,"774,411",4/5,279,37
2937,91%,8/10,92%,"253,206",4.4/5,279,27
2938,0,0,0,0,0,0,0
2939,91%,3/10,91%,"1,069,586",3.6/5,112,11
2940,93%,9/10,90%,"90,900",4.3/5,350,26
2941,93%,7/10,86%,"34,679,279",3.7/5,252,18
2942,96%,7/10,95%,"845,930",4.1/5,85,4
2943,0,0,0,0,0,0,0
2944,95%,6/10,91%,"635,858",4.1/5,217,12
2945,97%,6/10,85%,"126,497",4.2/5,382,13
2946,84%,7/10,90%,"186,128",4.3/5,267,52
2947,91%,8/10,91%,"130,662",4.3/5,318,31
2948,96%,9/10,97%,"428,343",4.3/5,87,4
2949,,,87%,113,4.1/5,0,0
2950,30%,2/10,Average Rating:,591,N/A,6,14
2951,0,0,0,0,0,0,0
2952,25%,2/10,41%,"83,492",2.9/5,67,199
2953,60%,2/10,82%,"6,797",3.6/5,3,2
2954,20%,2/10,17%,"1,241",1.8/5,3,12
2955,0,0,0,0,0,0,0
2956,6%,4/10,26%,"6,229",2.3/5,2,33
2957,12%,1/10,37%,"5,434",2.6/5,21,151
2958,0,0,0,0,0,0,0
2959,,,28%,160,2.2/5,0,0
2960,0,0,0,0,0,0,0
2961,0,0,0,0,0,0,0
2962,11%,3/10,48%,"27,376",3/5,21,165
2963,15%,7/10,43%,"324,383",3.1/5,32,176
2964,0,0,0,0,0,0,0
2965,,,42%,"7,512",3.1/5,0,0
2966,,,24%,403,2.3/5,0,0
2967,7%,2/10,20%,"2,124",1.7/5,5,66
2968,92%,3/10,69%,"5,542",3.5/5,23,2
2969,0%,6/10,50%,45,2.9/5,0,16
2970,19%,7/10,16%,698,1.9/5,5,22
2971,11%,8/10,36%,"121,711",2.8/5,23,179
2972,11%,4/10,16%,274,1.9/5,5,40
2973,4%,2/10,24%,"35,457",2.1/5,3,80
2974,13%,7/10,29%,81,2.7/5,1,7
2975,0,0,0,0,0,0,0
2976,0,0,0,0,0,0,0
2977,9%,5/10,14%,603,1.6/5,2,21
2978,0,0,0,0,0,0,0
2979,27%,5/10,45%,"759,048",3.1/5,57,153
2980,12%,6/10,24%,"53,974",2.4/5,8,61
2981,13%,1/10,44%,41,2.9/5,1,7
2982,0,0,0,0,0,0,0
2983,,,26%,499,2.3/5,0,0
2984,23%,3/10,36%,"56,818",2.3/5,12,41
2985,17%,4/10,26%,"3,532",2.6/5,1,5
2986,0%,3/10,32%,"3,167",2.5/5,0,35
2987,5%,3/10,10%,136,1.5/5,1,20
2988,32%,5/10,23%,524,2.3/5,24,50
2989,,,52%,378,2.8/5,0,0
2990,16%,2/10,56%,"19,972",3.2/5,7,38
2991,0,0,0,0,0,0,0
2992,0,0,0,0,0,0,0
2993,,,27%,96,2.8/5,0,0
2994,20%,5/10,22%,"7,132",2.3/5,16,64
2995,10%,5/10,8%,"1,682",1.2/5,1,9
2996,0,0,0,0,0,0,0
2997,1%,8/10,19%,"128,802",2.2/5,1,72
2998,23%,5/10,34%,"4,554",2.7/5,13,44
2999,0%,6/10,33%,865,2.5/5,0,34
